vervoerstype,station,in_maandag,in_dinsdag_donderdag,in_vrijdag,in_zaterdag,in_zondag,uit_maandag,uit_dinsdag_donderdag,uit_vrijdag,uit_zaterdag,uit_zondag,totaal_per_jaar,lat,lon,zone
LU,Acton Town,7304.88888888888,8194.0,7973.44444444444,7210.99999999999,4661.5,7443.88888888889,8169.55555555555,7995.77777777778,8128.79999999999,4991.0,4931971.567425242,51.50307098636339,-0.280302696832724,3
LU,Aldgate,10032.6666666666,12378.4444444444,9332.375,6279.99999999999,5242.14285714285,11065.0,14274.3,11336.3333333333,7702.59999999999,5723.85714285714,6902494.473203378,51.5143422574978,-0.0756269123224862,1
LU,Aldgate East,15100.5,17401.7777777777,17181.25,15537.25,12077.0,14179.5,16538.2222222222,16344.25,14430.75,10699.0,10229487.644281654,51.51508150569872,-0.0730014624207395,1
LU,Alperton,3692.75,3734.39999999999,3746.375,3024.0,2214.33333333333,3950.125,3923.5,3948.875,3066.25,2320.16666666666,2302972.999045233,51.54120878643842,-0.2995157534755783,4
LU,Amersham,2614.2373360981,3129.3018031667,2479.04875538708,2194.10495237436,1203.45675234281,2518.90552104475,3043.25375238884,2509.39568905736,2022.49504762563,1153.79324765718,1657141.466305341,51.674128328342675,-0.6065137678777907,9
LU,Angel,16133.7142857142,20183.6666666666,19295.7142857142,18601.2,11518.0,17209.875,22018.9999999999,21532.7142857142,20241.0,11747.5,12371591.514232865,51.53296784539842,-0.1055814483037889,1
LU,Archway,10424.0,11968.6666666666,11663.375,9795.99999999999,6450.0,10089.7142857142,11434.1111111111,10709.625,8938.8,6191.25,6798862.342922327,51.56549031545965,-0.1351215756214728,"2,3"
LU,Arnos Grove,5066.25,5623.1,5517.44444444444,5201.0,3382.28571428571,4740.375,5336.66666666666,5212.44444444444,4893.79999999999,3221.33333333333,3299601.2757645124,51.616229924551426,-0.1342702177218493,4
LU,Arsenal,2968.35,3582.79999999999,3673.95058139534,3694.21725815559,2352.69401163308,2815.15,3260.88888888888,3216.67441860465,3421.9827418444,2281.13932170025,2115609.2215485685,51.55854120559965,-0.1054999329611858,2
LU,Baker Street,31728.8888888889,34826.2,33308.75,28326.4,18449.6666666666,32204.1111111111,35310.8999999999,34363.0,28350.6,18869.6666666666,20518901.17087324,51.52312936605881,-0.1569041929861845,1
LU,Balham LU,12664.6666666666,16108.6,14844.5,14056.2,8065.28571428571,12851.8888888888,15988.1,14294.0,14160.0,8617.57142857142,9216499.803341692,51.443182314397006,-0.1526851619932613,3
LU,Bank and Monument,50401.4467691888,72843.5764409088,46483.0061265063,26454.5999999999,15338.1084563758,52864.2198974778,76118.1235590911,49391.4383179381,27688.8,15640.2915436241,34408043.98185845,,,
LU,Barbican,8205.625,9898.7,8261.0,5289.59999999999,3543.0,8824.125,10611.5,8767.44444444444,5767.8,3746.5,5361855.17545974,51.52021512610784,-0.0977215780905022,1
LU,Barking,23927.901832915,24797.150474446,24638.3852736941,19466.8653298009,13524.0866450532,23883.0981670848,24721.449525554,24284.1702818614,17912.734670199,13118.7883549467,14556327.124542292,51.53952124839739,0.0808316104030654,4
LU,Barkingside,1782.625,2009.9,1756.42857142857,1290.2,822.25,1836.75,2065.33333333333,1819.14285714285,1322.19999999999,859.75,1116038.701035045,51.58585076146283,0.0884766401059262,4
LU,Barons Court,7986.14285714285,9355.49999999999,8259.11111111111,6369.6,4247.85714285714,7953.22222222222,9101.0,7986.0,6138.8,4286.57142857142,5110605.087283971,51.490228334902,-0.2134301424178916,2
LU,Bayswater,5120.11111111111,5284.11111111111,5719.88888888889,5602.8,4577.0,4670.44444444444,4939.44444444444,5484.22222222222,5193.4,3888.33333333333,3337844.114350355,51.51211098317958,-0.1879015718782054,1
LU,Becontree,4509.11111111111,4848.2,4800.0,3295.5,2195.5,4359.55555555555,4571.2,4473.83333333333,2820.5,2116.75,2674391.033988212,51.53958561974398,0.1268802926935937,5
LU,Belsize Park,7065.95569156032,8201.46059625217,7483.43053846645,5838.21871818729,4253.03349753694,7032.79430843967,8068.23940374783,7281.31946153355,5636.1812818127,4193.53793103448,4592788.928943075,51.55019061178192,-0.1639744910255186,2
LU,Bermondsey,9769.88888888889,11160.0,11045.7777777777,10760.2,6734.42857142857,9515.44444444444,10817.6,10620.8888888888,10856.7999999999,6726.42857142857,6680814.222750889,51.49796067750633,-0.0643300898115236,2
LU,Bethnal Green LU,14395.4444444444,16611.8888888888,17346.5,18081.2,11706.0,13644.2222222222,15576.1111111111,16629.375,17381.0,10951.625,10197950.926143393,51.52719165312213,-0.055392111450162,2
LU,Blackfriars LU,13916.7275914383,17935.9157877721,12905.3509528584,12142.3069294864,8706.69698733475,13358.8279641171,17328.4842122278,12385.2739974835,11298.0930705135,9388.6154183979,9407135.697933938,51.511586761695014,-0.1029953846245054,1
LU,Blackhorse Road,13036.6275851805,14673.1819228485,14418.6945058076,12988.7777224288,8501.92686611756,12386.7057481527,13845.8910757119,13299.4006076027,12032.2222775711,8508.8716131226,8505240.44772236,51.58577656484627,-0.0396257114650528,3
LU,Bond Street,51918.25,62430.7,53546.6666666666,42225.25,39965.25,52459.75,62659.4999999999,54832.9999999999,43215.5,39082.75,35413724.20741348,51.513797282327445,-0.1496136085316461,1
LU,Borough,5181.88888888889,6707.7,5876.5,5230.5,3289.42857142857,5168.88888888889,6710.0,5839.5,5240.5,3455.14285714285,3742967.136321984,51.50104871772216,-0.0941973226385839,1
LU,Boston Manor,2243.5,2743.79999999999,2361.0,1872.79999999999,1256.4,2310.66666666666,2668.55555555555,2359.5,1794.19999999999,1304.6,1493683.3822874303,51.49576500584812,-0.3247471826223813,4
LU,Bounds Green,6312.25,7118.2,6906.66666666666,6199.0,4124.625,6253.875,6739.89999999999,6679.33333333333,5882.39999999999,4188.85714285714,4147020.7302119504,51.60703172061751,-0.1241770647347964,"3,4"
LU,Bow Road,5887.77777777777,6579.4,6297.625,5522.75,3827.2,5834.5,6407.09999999999,5723.875,5206.5,4045.19999999999,3826239.4407770666,51.52704176950966,-0.0243595906326814,2
LU,Brent Cross,2835.66666666666,3284.1,3171.75,3304.6,2622.625,2830.0,3181.3,3194.0,3322.0,2621.0,2037612.1597244812,51.57659886839313,-0.2133358378663098,3
LU,Brixton LU,28532.3154839108,33779.3521978518,35073.0992377807,38727.4435386451,24318.5,28247.6845160891,32959.7589132593,35426.6150479336,38488.5564613548,23903.5,21315287.90046982,51.46273661697816,-0.1145520968292283,2
LU,Bromley-by-Bow,5528.875,6005.09999999999,5702.0,4348.25,3199.66666666666,5543.25,5894.09999999999,5425.0,4069.0,3277.66666666666,3425585.4165691594,51.524840183700945,-0.0116823743530453,"2,3"
LU,Buckhurst Hill,2585.86331525091,3074.17274986404,2762.50837614369,2303.15822691979,1298.87025607767,2502.13668474908,2988.85648875505,2637.82495718963,2124.64177308021,1324.73443571002,1681411.5203008242,51.62657674004732,0.0467125414287692,5
LU,Burnt Oak,5088.99999999999,5488.4,5251.55555555555,3956.79999999999,2900.625,4884.77777777777,5264.4,5124.0,3833.39999999999,2804.25,3110822.1765158046,51.60255148173764,-0.2643307082008112,4
LU,Caledonian Road,6241.66666666666,7300.33333333333,7182.625,6376.2,4081.57142857143,5936.11111111111,6901.33333333333,6653.875,5809.6,3928.28571428571,4179663.105441725,51.54788524982811,-0.1183608610646948,2
LU,Camden Town,21279.8,22501.375,28837.6666666666,35397.4,25120.0,21867.6,23306.25,29582.875,42173.7999999999,26680.25,17335262.1020256,51.53996912160411,-0.1424523798764894,2
LU,Canada Water,13528.6932892392,15064.5822607494,18211.5010442931,21704.5275391387,11726.8971095503,13882.1955996495,15341.0844059172,19642.0830344813,22614.0724608612,11992.6028904496,10565972.675891062,51.498168331250874,-0.0508071208490972,2
LU,Canary Wharf LU,45557.2862826203,54390.9371944878,44681.4529282313,39909.9893785312,26904.355658143,46752.9927076885,57109.1628055121,46052.7474739882,40757.2106214688,26910.7693418569,30684632.42598487,51.50357837512887,-0.0194668401393244,2
LU,Canning Town,17715.875,17622.9166666666,16817.1999999999,18726.8333333333,17202.1428571428,17622.25,17660.6666666666,18304.1818181818,17817.5714285714,16323.0,11594723.111067403,51.51387030350512,0.0083056327487643,3
LU,Cannon Street LU,6152.5,8308.22222222221,5568.11111111111,3611.4,1923.5,5753.57142857142,7570.33333333333,5043.77777777777,3141.19999999999,1683.83333333333,3788997.400576375,51.51136194370192,-0.0902505264150347,1
LU,Canons Park,3250.875,3615.3,3459.71428571428,2783.6,1670.99999999999,3165.0,3544.79999999999,3435.14285714285,2731.19999999999,1701.85714285714,2055534.987045706,51.60765009028535,-0.294391591494146,5
LU,Chalfont & Latimer,2454.93130465865,2454.93130465865,2033.48625763979,1523.65734259489,792.181551062623,2257.78324094242,2257.78324094242,1915.20361132349,1664.45448963154,910.939492779265,1303138.2110080563,51.66790656389214,-0.5610677589431823,8
LU,Chalk Farm,5277.1111111111,6502.375,7221.25,8316.2,5272.875,4550.22222222222,5983.2,6165.75,6519.8,4271.125,4002533.7057586857,51.54414883734655,-0.1537330695060796,2
LU,Chancery Lane,12994.7777777777,18014.8333333333,12641.5555555555,5793.6,2680.57142857142,14016.75,18968.1999999999,13477.1111111111,5946.39999999999,2761.71428571428,8530235.817889335,51.518493835819875,-0.1119620267624171,1
LU,Charing Cross LU,18035.9999999999,22890.5,22130.6666666666,24861.25,15843.25,17048.2222222222,21736.7,21370.1428571428,23400.6,13668.625,13658816.63805379,51.50835842818622,-0.1248029372330441,1
LU,Chesham,1394.16666666666,1648.6,1422.88888888888,1167.0,635.5,1300.375,1544.19999999999,1357.25,1031.0,599.0,869938.1370911215,51.705379023301255,-0.6114296352979314,9
LU,Chigwell,545.777777777777,692.5,542.428571428571,275.666666666666,166.428571428571,460.11111111111,559.777777777777,469.571428571428,254.599999999999,172.25,312653.4044474205,51.61785799974183,0.0761792153523027,4
LU,Chiswick Park,2691.0,3347.19999999999,2933.125,2276.2,1531.33333333333,3019.875,3653.4,3121.875,2140.0,1688.16666666666,1901397.5067789108,51.494370277942714,-0.2677369179922983,3
LU,Chorleywood,2796.32124971803,2796.32124971803,2268.95723652179,1694.77025621734,1180.15684644106,2030.93124932118,2030.93124932118,1732.41017629586,1266.66697269001,1026.57655083559,1340210.8173075607,51.65426508092765,-0.5183339108571566,7
LU,Clapham Common,9605.88888888888,12081.9,11900.4285714285,13336.5999999999,7503.14285714285,10485.1111111111,13130.3,12647.8571428571,14556.8,8091.85714285714,7706806.784249382,51.46180344580792,-0.1383149013879234,2
LU,Clapham North,6615.22222222222,8339.5,8670.14285714285,9458.0,4963.85714285714,6844.1111111111,8604.1,8551.71428571428,9658.8,5226.28571428571,5215179.265195011,51.46491600472909,-0.1299100619146426,2
LU,Clapham South,8622.33333333333,10907.3999999999,9691.44444444444,9110.79999999999,5518.75,8704.77777777777,10646.6,9232.55555555555,8873.19999999999,5898.16666666666,6132625.492671937,51.45267624920499,-0.1479840683302919,"2,3"
LU,Cockfosters,1939.5,2157.77777777777,2328.0,2610.83333333333,1592.85714285714,1977.125,2168.88888888888,2292.14285714285,2496.6,1763.57142857142,1410899.3291017704,51.65202423620424,-0.149916709772051,5
LU,Colindale,9378.77777777778,10352.0999999999,9832.625,8264.0,5790.625,9151.33333333333,10015.1,9365.42857142857,7843.2,5654.625,5947592.9399110265,51.59523010894074,-0.2502875400711353,4
LU,Colliers Wood,7419.44444444444,8532.4,8321.77777777778,7724.99999999999,4929.0,7227.88888888889,8191.59999999999,7874.77777777777,7369.4,4913.14285714285,4986159.93240831,51.41875889952969,-0.1774150980496051,3
LU,Covent Garden,14058.2857142857,17490.0,18767.375,21701.1999999999,16685.8333333333,16178.7142857142,21156.1999999999,21913.8333333333,30522.6,20196.5714285714,12986919.658629533,51.51276003353218,-0.1245068937369663,1
LU,Croxley,1298.75,1569.59999999999,1372.0,873.199999999999,473.666666666666,1310.5,1541.5,1313.875,793.2,459.599999999999,810760.2531114914,51.64700456011115,-0.4416037868779258,7
LU,Dagenham East,4104.75,4250.7,4174.125,2808.75,2008.33333333333,3760.0,3921.29999999999,3832.375,2425.75,1848.79999999999,2328494.2262423523,51.54418761328958,0.1658334333091666,5
LU,Dagenham Heathway,7553.625,7677.49999999999,7821.66666666666,5348.75,3430.6,7582.11111111111,7791.3,7675.11111111111,5267.66666666666,3550.39999999999,4453620.099039703,51.54121203550144,0.1476797214740033,5
LU,Debden,2993.88888888888,3340.0,3039.5,2014.8,1079.875,2952.875,3238.79999999999,2866.625,1799.0,1114.14285714285,1769333.5031790114,51.64549214152591,0.0838014752563246,6
LU,Dollis Hill,4783.66666666666,5272.9,5053.66666666666,4088.6,2895.5,4350.66666666666,4783.3,4496.33333333333,3661.0,2660.875,2925220.809625407,51.55185020227431,-0.2387977583647576,3
LU,Ealing Broadway,19852.500091439,22719.2612327787,20637.9883056179,18737.850947977,12563.5228261527,20358.0249979788,23676.1211014139,21328.4881245262,19539.3850801239,13111.8168284256,13427061.641456008,51.51486148277942,-0.3020103761336258,3
LU,Ealing Common,3113.22222222222,3362.49999999999,3431.85714285714,2761.33333333333,2011.14285714285,3205.33333333333,3411.5,3401.625,2566.0,2067.85714285714,2017965.8399704609,51.510248187933655,-0.2871514131053222,3
LU,Earl's Court,22213.6666666666,24199.0999999999,25134.1111111111,22768.2,17129.5,22256.0,24674.4999999999,25932.6666666666,23925.9999999999,16497.375,15175946.875277596,51.49135635619762,-0.1943138070951425,"1,2"
LU,East Acton,4150.66666666666,4699.6,4409.57142857142,3391.19999999999,2372.125,4366.66666666666,4850.75,4490.28571428571,3364.6,2420.125,2711443.5628528087,51.51626301045364,-0.2481122212813141,2
LU,East Finchley,7474.5,8993.29999999999,7899.375,6541.75,4365.0,7369.25,8757.7,7654.99999999999,6267.79999999999,4410.16666666666,4952436.942923216,51.5873322776344,-0.1647438844467196,3
LU,East Ham,16312.25,16822.9,16891.125,13069.7999999999,9995.0,15987.75,16351.5,16261.4285714285,12468.25,9647.0,9890008.469486346,51.53924625194368,0.0515162934805761,"3,4"
LU,East Putney,7014.0,8997.49999999999,7968.88888888888,6931.2,4884.625,7168.57142857142,8846.9,7583.33333333333,6562.8,5040.5,5020734.565071481,51.45887944035384,-0.2109982315959417,"2,3"
LU,Eastcote,3205.625,3630.79999999999,3313.66666666666,2498.4,1459.75,3130.22222222222,3574.0,3241.88888888888,2366.6,1502.75,1992220.6091788963,51.57655117614093,-0.3968232901498021,5
LU,Edgware,6271.81497763831,6650.00198452756,6296.48648775777,5287.13231557622,3695.01311440491,6349.38502236168,6750.69801547244,6368.13851224222,5318.61768442377,3757.48688559508,3931713.3493406097,51.61422917451505,-0.2750936620617057,5
LU,Edgware Road (Bak),4999.11111111111,5921.77777777777,5587.22222222222,4915.79999999999,3297.28571428571,5249.88888888888,6253.2,5729.55555555555,5022.2,3350.14285714285,3514286.264656223,,,
LU,Edgware Road (DIS),7673.88888888888,8979.33333333333,8241.88888888889,6731.0,4927.99999999999,7440.11111111111,8828.55555555555,8089.55555555555,6704.4,4577.85714285714,5073595.09949383,,,
LU,Elephant & Castle LU,19833.0,22395.5999999999,22932.0,21214.5999999999,13462.0,19422.7777777777,21216.3,22034.75,19917.0,12926.1428571428,13298221.96378104,51.49584922002923,-0.1007387142562823,"1,2"
LU,Elm Park,3712.625,4116.79999999999,3836.375,2443.5,1528.6,3592.88888888888,4126.59999999999,3755.16666666666,2283.6,1461.59999999999,2228051.9855801375,51.54912490990794,0.1972526842834268,6
LU,Embankment,20221.0966386554,25859.4271028037,23300.8571428571,26841.75,16938.4270833333,19209.7605042016,24674.5728971962,22615.4285714285,25232.25,15590.0729166666,15132337.138400782,51.50731229694681,-0.1223673356621198,1
LU,Epping,4930.79778301485,4930.79778301485,4830.71443045012,4600.13894967158,2648.73065162931,5138.27947954747,5138.27947954747,5086.73625841752,4181.46451903284,2590.82945513696,3021977.6216307655,51.69368635497796,0.1138255535142121,6
LU,Euston LU,37886.8628437089,45388.7694936087,43989.6232955443,38631.2707352285,28812.9731749131,39280.637156291,47778.0305063912,48239.0017044556,41203.9292647714,30783.4553965154,27686936.6573598,51.528664114832,-0.1332964708191512,1
LU,Euston Square,16846.1717098949,18918.364047126,16304.4578266677,9625.27809313918,7273.13665385298,17519.6060678828,19724.8859528739,18253.3975750181,9944.12190686081,7725.69667948034,10326060.992945025,51.525468382999584,-0.1353444884426915,1
LU,Fairlop,1381.11111111111,1546.29999999999,1463.375,1242.25,712.625,1312.0,1462.11111111111,1363.33333333333,1245.0,726.875,869289.7498631831,51.59610969417489,0.0905932799159299,4
LU,Farringdon,47269.4702794475,64701.5378129575,48934.6572309774,17817.2783269135,15157.3535994132,46403.0297205524,63322.2621870424,48285.8427690225,17021.3216730864,13974.3964005867,30068501.47158267,51.52019551919777,-0.1048430613167642,1
LU,Finchley Central,10672.7844894549,10672.7844894549,9802.87120797575,7672.74952809264,4381.19342973396,10334.7498771592,10334.7498771592,9625.27460736457,7256.8561005249,4816.22063737368,6004210.712176699,51.60090293685636,-0.1932206347116579,4
LU,Finchley Road,10715.375,11596.0999999999,11337.375,9074.4,6827.125,10279.625,11073.3999999999,10610.625,8678.79999999999,6506.875,6684392.827235765,51.547095906434386,-0.1800505586324935,2
LU,Finsbury Park,33654.581289728,40206.2852798343,39008.7406423526,43653.4380632323,26386.9865219843,30088.1643136633,35790.9082450296,34442.5877274569,37618.7271836332,24445.0655109413,23402642.04263561,51.564635274841386,-0.1058814855289023,2
LU,Fulham Broadway,9814.22222222222,11212.875,11101.5555555555,9253.75,6065.85714285714,9857.77777777778,11265.75,10555.125,8833.0,5631.57142857142,6520153.765283766,51.480260585746336,-0.1955441615278966,2
LU,Gants Hill,7810.88888888888,8518.88888888889,8102.875,6083.85714285714,4203.33333333333,7472.55555555555,8045.75,7721.125,5686.14285714285,4122.5,4748258.628336216,51.57655306294169,0.0660840980631794,4
LU,Gloucester Road,16253.4444444444,17610.8,18071.7777777777,14859.4,11260.8571428571,15614.2222222222,17306.0,17545.1111111111,14409.5999999999,10057.7142857142,10486109.075338269,51.494499259625194,-0.183543557571591,1
LU,Golders Green,8783.0,10033.3,9476.22222222222,7454.0,5619.71428571428,8785.0,10005.5999999999,9583.99999999999,7307.6,5804.85714285714,5785181.930302196,51.57221521685042,-0.1948345569382634,3
LU,Goldhawk Road,2492.88888888888,2918.0,2933.75,2409.6,1444.875,2475.0,2857.0,2725.375,2227.59999999999,1612.125,1677523.776527113,51.502076596636755,-0.2274040032488232,2
LU,Goodge Street,7691.875,9607.33333333333,7799.0,5214.19999999999,3039.125,8450.875,10410.5555555555,8655.42857142857,5451.0,3123.0,5152082.466809549,51.52061289126984,-0.1348076891147268,1
LU,Grange Hill,666.333333333333,749.1,667.571428571428,401.166666666666,215.0,603.555555555555,649.0,550.444444444444,319.2,201.142857142857,367951.5349664181,51.61348057933538,0.092272530168692,4
LU,Great Portland Street,8261.33333333333,10248.5555555555,8005.125,4845.25,3298.42857142857,8218.55555555555,10233.1999999999,7970.25,4571.75,3033.71428571428,5160153.468516574,51.52378856271794,-0.1439614240810903,1
LU,Green Park,37230.5714285714,46155.5714285714,41518.625,36303.5,24341.9999999999,43169.8571428571,52791.7142857142,50335.7142857142,44152.4,29906.5714285714,28415098.969817705,51.50676025371464,-0.1424775744225331,1
LU,Greenford,5240.0,5821.55555555555,5477.0,4344.4,2660.42857142857,5319.44444444444,5772.125,5298.66666666667,4157.2,2683.42857142857,3292418.7811868205,51.54197950701463,-0.3458787331310219,4
LU,Gunnersbury,6071.75654628736,7932.99447066254,5347.30613477527,4438.57668512104,2776.9544540133,5847.61845371263,7461.90552933746,5055.86053189139,3966.42331487895,2610.18840312955,3873038.936549494,51.49186296322991,-0.2751641314162503,3
LU,Hainault,4625.66666666666,5024.3,4841.77777777777,3348.83333333333,2208.33333333333,4522.66666666666,4875.77777777777,4665.33333333333,3387.4,2111.33333333333,2795930.4355259426,51.602845483752255,0.0941085508301524,4
LU,Hammersmith (DIS),29880.25,34936.6,32381.7777777777,28307.9999999999,18606.5714285714,29453.25,34657.9,32107.3333333333,28256.2,18380.7142857142,20055131.33738709,,,
LU,Hammersmith (H&C),12209.5,14585.1111111111,13207.5555555555,10985.1999999999,6896.85714285714,11956.875,14194.7777777777,12574.7777777777,10318.8,6406.14285714285,8042398.436889153,,,
LU,Hampstead,4793.57378716693,5470.00048291221,5274.44097822883,5299.7873260415,4153.78855929461,5489.56906997592,6189.19951708778,5942.55902177117,6000.81267395849,4705.64001213395,3606601.367320868,51.55654230644866,-0.1780145581084496,2
LU,Hanger Lane,3836.66666666666,4549.8,4132.99999999999,3984.75,2360.0,3797.88888888888,4411.22222222222,4002.22222222222,3613.25,2312.4,2584707.838166375,51.5300715563412,-0.2929961405571649,3
LU,Harlesden,3888.55555555555,4284.8,4067.22222222222,2572.6,1661.2,3896.88888888888,4177.5,3923.88888888888,2471.79999999999,1676.33333333333,2331624.0018494716,51.536257908620385,-0.2574956703770174,3
LU,Harrow & Wealdstone,5480.05068535337,5839.51440268152,5725.31913574364,4015.12908554976,2610.26314799588,5201.94931464662,5532.58559731847,5343.53005596856,3629.59579148317,2493.96078280693,3229098.5013315813,51.59259408808769,-0.3342526785741267,5
LU,Harrow-on-the-Hill,12365.6901048637,13543.0282139171,13048.2923154965,11146.4511276227,7481.34940579296,13241.1987840251,14548.2717860828,13752.2632400589,11360.7488723772,7919.22202277846,8216227.224376327,51.5793875695421,-0.3370015107060956,5
LU,Hatton Cross,3948.44444444444,4238.8,4293.22222222222,3817.5,3149.71428571428,4032.22222222222,4172.6,4259.77777777777,3888.33333333333,3204.57142857142,2627285.291034017,51.466684612990974,-0.4233805529699787,"5,6"
LU,Heathrow Terminal 4 LU,2054.875,1831.44444444444,2219.5,2291.83333333333,2150.14285714285,1720.25,1553.28571428571,1922.125,2036.5,1645.99999999999,1232765.8256032988,51.459779698532394,-0.4477295782660727,6
LU,Heathrow Terminal 5 LU,6452.375,5803.77777777777,6694.42857142857,5758.6,6742.66666666666,4933.42857142857,4625.0,5229.71428571428,4679.19999999999,5444.99999999999,3634083.442989577,51.470024624464,-0.4906474891242473,6
LU,Heathrow Terminals 123 LU,9551.33819453568,8723.22362490663,11035.4302013621,9937.36196821836,10124.008977014,8496.65158296408,6689.3360132209,8948.7507747779,8301.03803178164,9206.84816584308,5733792.632877225,,,
LU,Hendon Central,7971.33333333333,8977.79999999999,8541.42857142857,6228.59999999999,4551.125,7544.33333333333,8428.09999999999,7983.33333333333,5717.6,4244.5,4941335.963458888,51.583132678162094,-0.226734137100088,"3,4"
LU,High Barnet,4953.49770171699,5720.30214198593,5253.38313147353,4122.20891079962,2531.45344585091,4898.94674272745,5607.99785801406,5050.61686852646,4041.79108920037,2581.74655414908,3172741.1959354845,51.65168793826675,-0.1941653779796151,5
LU,High Street Kensington,12602.3333333333,14351.3999999999,13900.1111111111,13319.8,9442.85714285714,12233.2222222222,14153.9,13277.5555555555,12526.0,8545.85714285714,8535038.626761915,51.50072913416872,-0.1915660554964191,1
LU,Highbury & Islington,18754.9170057225,22237.6944346368,22488.9399101644,21230.0970171132,12738.4009854097,19703.4163276108,23348.7055653631,23470.8371399144,23291.4029828867,13857.7418717331,13755506.695558213,51.54649533884997,-0.1040821392393529,2
LU,Highgate,6172.28571428571,7296.1,6890.75,5934.99999999999,3920.57142857142,6315.42857142857,7413.3,6670.88888888889,5933.4,4189.14285714285,4242758.465871635,51.57764637933854,-0.1469348609337413,3
LU,Hillingdon,2132.23252113918,2400.55815988791,2313.50642550358,1870.57943395038,1075.51870104223,2000.00542436674,2246.03604862072,2073.70694228161,1700.10467925954,1100.62415610062,1327387.4741590167,51.553776781763695,-0.4498979816230209,6
LU,Holborn,29881.0,37789.75,32449.1666666666,24275.0,16187.0,32333.4999999999,40131.3333333333,35418.3333333333,26615.0,16673.8571428571,21064035.42192639,51.51723554139566,-0.1198405066029367,1
LU,Holland Park,4185.625,4549.6,4417.44444444444,3793.2,2331.25,4090.85714285714,4445.6,4356.44444444444,3873.4,2353.875,2653625.4619266107,51.50714614814041,-0.2065577754123284,2
LU,Holloway Road,8408.55555555555,9168.44444444444,8816.85714285714,6843.0,4571.42857142857,8396.99999999999,9015.77777777778,8483.71428571428,6483.25,4673.99999999999,5234546.434825663,51.552815921064415,-0.1129356962168598,2
LU,Hornchurch,2386.875,2684.22222222222,2367.33333333333,1661.0,897.25,2428.375,2715.5,2436.11111111111,1774.0,1000.39999999999,1465954.3704345354,51.55435547079002,0.2189269994111758,6
LU,Hounslow Central,4440.11111111111,4845.375,4559.25,4041.8,2978.71428571428,4497.66666666666,4829.28571428571,4586.875,4013.59999999999,2955.57142857142,2875273.87193487,51.470925168799894,-0.3659581213668801,4
LU,Hounslow East,4747.57142857142,5144.29999999999,5104.22222222222,4481.19999999999,3417.57142857143,5119.5,5469.55555555555,5399.55555555555,4598.0,3629.85714285714,3216060.260369828,51.47370731480755,-0.3552753144989688,4
LU,Hounslow West,4303.14285714286,4535.22222222222,4740.88888888888,4545.79999999999,3415.85714285714,4389.71428571428,4459.55555555555,4802.88888888889,4626.39999999999,3458.42857142857,2883268.6433232315,51.47310508637143,-0.385707619977202,5
LU,Hyde Park Corner,5415.83333333333,8531.125,6101.71428571428,6459.5,4651.39999999999,5518.0,9645.375,6417.99999999999,6891.75,4811.4,4743548.035366049,51.502583765542106,-0.1524741126318679,1
LU,Ickenham,1298.33333333333,1450.11111111111,1366.125,1050.79999999999,600.599999999999,1319.66666666666,1485.55555555555,1351.375,1008.99999999999,662.0,821904.5393149194,51.56082433291199,-0.4415795012687994,6
LU,Kennington,6043.66666666666,7315.69999999999,7270.75,7190.0,4709.85714285714,5864.55555555555,7076.69999999999,7132.25,7468.0,4789.28571428571,4406994.315767111,51.48866228881571,-0.1050706127740003,2
LU,Kensal Green,2716.5,3203.625,3041.55555555555,2610.75,1658.28571428571,2607.71428571428,3072.71428571428,2799.55555555555,2451.25,1726.83333333333,1809069.1823931437,51.53052384871879,-0.2247133811380436,2
LU,Kensington (Olympia),0.0,0.0,0.0,0.0,0.0,0.0,0.0,0.0,0.0,0.0,0.0,51.497879357125825,-0.2103792397678828,2
LU,Kentish Town,10620.5423211444,10620.5423211444,10585.7697686008,9669.61273667225,6417.05345454416,9982.91479191735,9982.91479191735,9965.88775819187,8431.83217827171,6492.70971925702,6304991.898992775,51.55000929428177,-0.1404712627005257,2
LU,Kenton,2584.83333333333,2625.4,2501.375,1786.2,1160.14285714285,2610.71428571428,2693.89999999999,2576.77777777777,1852.19999999999,1198.49999999999,1516691.660782351,51.581495770351395,-0.3152168608263206,4
LU,Kew Gardens,4353.88888888889,7298.5,5124.85714285714,6534.25,4530.28571428571,4227.44444444444,7322.125,4915.57142857143,6288.75,4509.14285714285,3969356.485764852,51.476788671230366,-0.2853810066761743,"3,4"
LU,Kilburn,8276.42857142857,9249.39999999999,9071.375,8421.2,5861.625,8136.375,8960.1,8779.375,8265.4,5822.71428571428,5518439.047629185,51.54694410286596,-0.2046327166992552,2
LU,Kilburn Park,3671.11111111111,4094.69999999999,4050.125,3877.6,2618.125,3526.11111111111,3898.4,3773.16666666666,3602.8,2522.625,2429301.315443513,51.53513522184343,-0.1939660549397059,2
LU,King's Cross St. Pancras,94090.0,110436.699999999,112194.333333333,115395.4,87605.75,92608.7777777777,110624.999999999,115850.5,116084.8,89077.75,69936048.79121403,51.53031226194627,-0.1238721286870342,1
LU,Kingsbury,5472.0,5792.0,5811.55555555555,4242.6,3002.875,5476.44444444444,5778.99999999999,5808.99999999999,4183.0,2952.75,3372497.4050493594,51.58487606349117,-0.2786016037131724,4
LU,Knightsbridge,18835.5,21693.5714285714,21072.5,23052.0,16604.4,17971.8333333333,21154.0,19772.4999999999,21674.7999999999,14453.7999999999,13270083.489417788,51.50135463701893,-0.1606644846228093,1
LU,Ladbroke Grove,6874.57142857142,7774.99999999999,8274.88888888889,10635.1999999999,4986.83333333333,6949.71428571428,7785.6,8082.99999999999,10959.8,4882.16666666666,5097953.842343251,51.51721033175281,-0.2101981698917929,2
LU,Lambeth North,3801.55555555555,4192.0,4425.44444444444,4435.0,3004.125,3564.88888888888,4034.42857142857,4037.22222222222,3931.8,2668.625,2567046.1958615636,51.49912976538859,-0.1117682604602059,1
LU,Lancaster Gate,4672.9135864523,5153.44444444444,6146.44444444444,7074.6,5394.28571428571,4447.48641354769,5424.83333333333,6127.33333333333,6834.79999999999,5087.28571428571,3648118.5427330537,51.511890658328326,-0.1754299267897915,1
LU,Latimer Road,2976.22222222222,3461.88888888888,3002.28571428571,1996.39999999999,1560.14285714285,2872.44444444444,3378.55555555555,2788.28571428571,1866.59999999999,1552.57142857142,1841767.824636676,51.51395774487751,-0.2174596633172416,2
LU,Leicester Square,32812.2,42981.6666666666,49339.5714285714,71131.2,41486.1428571428,30970.0,39836.0,46170.7142857142,64970.6,39211.1428571428,29391294.439798396,51.51129097417173,-0.1282421466298067,1
LU,Leyton,12869.7321730326,14025.0960288538,13892.4720399501,13754.3448008823,8245.5,12375.8717601716,13355.7578657726,13113.0156023669,13007.8551991176,8248.625,8360272.520346426,51.55813226231266,-0.006465331580603,3
LU,Leytonstone,10227.5,11452.8,11233.5,9370.79999999999,6161.28571428571,10202.2222222222,11335.6,11076.5,9438.99999999999,6308.0,6700643.14418449,51.56852230672617,0.0091404519570612,"3,4"
LU,Liverpool Street LU,77291.0166453636,100579.198779639,88787.4577192395,74678.3939548245,43795.125,80786.5389101918,102033.60122036,91288.3200585383,76221.8060451754,45822.75,55837582.660699,51.51759813225402,-0.0822496218888544,1
LU,London Bridge LU,72166.3333333333,91125.6999999999,86236.5555555555,104724.4,69959.1666666667,70056.8888888889,88988.6,83632.3333333333,99671.3999999999,67518.3333333333,56204583.03475884,51.50467420930433,-0.0860055977481396,1
LU,Loughton,3970.375,4685.3,4126.75,3603.99999999999,2050.99999999999,4005.625,4719.7,4294.25,3829.2,2113.0,2645225.373821796,51.641570570828016,0.0552790792874478,6
LU,Maida Vale,3801.66666666666,4451.5,4257.55555555555,3682.2,2398.625,3625.22222222222,4191.9,3841.33333333333,3220.2,2340.25,2498776.006917153,51.5299947556212,-0.1854326449358559,2
LU,Manor House,8892.71428571428,10064.3,10412.875,9626.2,6698.99999999999,8559.28571428571,9405.55555555555,9785.125,8987.4,6646.85714285714,6024621.772109353,51.570746986190926,-0.0956849757319274,"2,3"
LU,Mansion House,6178.375,8259.77777777777,5611.125,3668.6,2463.33333333333,6533.625,8970.22222222221,5711.75,3691.2,2386.85714285714,4138246.717640978,51.5120915984511,-0.0941976572437842,1
LU,Marble Arch,12833.5,16912.375,14508.4285714285,14792.75,10407.1999999999,12384.6666666666,16919.625,13871.2857142857,13915.0,9861.2,9603609.798962394,51.51396523465938,-0.1585712147927576,1
LU,Marylebone LU,11587.3333333333,15021.3333333333,12813.3333333333,11951.2,8422.28571428571,12051.0,15906.1111111111,14036.5555555555,13002.7999999999,8700.57142857142,8722516.581663867,51.52239640326536,-0.1634925623109129,1
LU,Mile End,18324.1111111111,19113.8,19932.0,15269.75,10582.4285714285,18259.4444444444,18615.4999999999,19498.1428571428,15244.5,11042.75,11357596.413445178,51.525310919564504,-0.0326660842711517,2
LU,Mill Hill East,2713.20941583873,2713.20941583873,2467.93064618257,1821.97139699268,1188.43956752643,2209.13297232101,2209.13297232101,1997.38642864209,1519.57230366366,1280.92804335164,1410191.926054449,51.60831630368604,-0.2098957103144066,4
LU,Moor Park,1285.125,1421.88888888888,1350.14285714285,606.5,380.25,1234.75,1365.66666666666,1269.28571428571,610.0,394.375,729110.6908272497,51.62992995953362,-0.4329130164958966,"6,7"
LU,Moorgate,29810.6805507885,40745.0137638342,27091.0046639362,12635.4981824714,7690.20802076049,33024.0694492114,45913.8862361657,31507.9953360637,14941.5018175285,8605.0419792395,20013958.374918018,51.51843699583112,-0.0890176874196191,1
LU,Morden,11408.4444444444,12993.9999999999,12583.25,11919.2,7951.71428571429,10766.1111111111,12493.4,12333.625,11826.0,7945.57142857143,7680068.523767557,51.40218564474951,-0.1948519795190437,4
LU,Mornington Crescent,3607.0,4881.57142857142,4596.57142857142,5790.0,1858.5,3115.5,4879.79999999999,4260.28571428571,3094.25,1177.0,2672239.030802761,51.53436199274684,-0.1387443487247141,2
LU,Neasden,4146.625,4465.2,4318.33333333333,3267.79999999999,2262.0,3854.0,4096.7,4020.11111111111,3180.39999999999,2206.25,2491433.021560746,51.554627310041155,-0.2501150416936122,3
LU,Newbury Park,5854.66666666666,6329.11111111111,6102.66666666666,5051.33333333333,3260.42857142857,5257.99999999999,5692.11111111111,5530.44444444444,4745.33333333333,3069.71428571428,3526527.3374461764,51.57563850646377,0.0903031581978967,4
LU,North Acton,8386.0,8823.77777777778,9281.57142857142,6755.99999999999,4669.42857142857,8495.375,8767.55555555555,9120.42857142857,6860.79999999999,4736.42857142857,5227466.670033134,51.523432004609894,-0.2597295239222282,"2,3"
LU,North Ealing,945.444444444444,1016.9,1060.75,806.666666666666,503.6,923.333333333333,1000.33333333333,1006.625,728.333333333333,474.799999999999,588313.4976540846,51.51762181807098,-0.2889935477531711,3
LU,North Greenwich,23394.9472642635,32860.1512376722,31065.2479296945,40318.7523172912,23483.2860429447,24929.9098785936,36001.8487623277,33601.180641734,42942.2476827087,24214.9139570552,21202410.705790665,51.5002551610895,0.0035862591259508,"2,3"
LU,North Harrow,2135.875,2454.4,2163.88888888888,1625.8,975.25,2053.625,2308.33333333333,1978.75,1555.79999999999,977.714285714285,1306155.8272565235,51.58463070784392,-0.3626329855990683,5
LU,North Wembley,2084.71428571428,2208.99999999999,2155.75,1377.8,924.166666666666,1968.14285714285,2063.22222222222,1984.875,1324.39999999999,948.166666666666,1204024.4370218923,51.56239579644328,-0.3039482139132909,4
LU,Northfields,3923.88888888889,4621.0,4313.57142857143,3567.19999999999,2508.625,3867.5,4429.0,4196.375,3627.99999999999,2649.28571428571,2626177.505021307,51.50049115689572,-0.3150648129885717,3
LU,Northolt,6525.875,6885.55555555555,6822.88888888889,5549.39999999999,3638.625,6197.25,6585.88888888888,6437.0,5029.79999999999,3555.42857142857,3961099.054055029,51.54821230018008,-0.3684405875976204,5
LU,Northwick Park,5531.55555555555,5820.59999999999,5464.25,3473.99999999999,2296.42857142857,5494.22222222222,5679.59999999999,5137.42857142857,3116.19999999999,2304.85714285714,3168082.1079185037,51.578508169653034,-0.3181993860133686,4
LU,Northwood,3248.375,3721.99999999999,3500.14285714285,2427.8,1452.85714285714,3267.25,3711.79999999999,3445.42857142857,2319.0,1483.42857142857,2044569.5862471284,51.611212919581355,-0.4238377761958177,6
LU,Northwood Hills,2187.33333333333,2477.6,2329.99999999999,1652.8,999.875,2110.33333333333,2356.39999999999,2194.85714285714,1510.59999999999,1006.0,1340928.5242900727,51.600801977914315,-0.4093113480568928,6
LU,Notting Hill Gate,15188.1428571428,17733.3333333333,18203.9999999999,21852.5999999999,12778.4285714285,15580.1428571428,18124.6666666666,19055.7777777777,24510.5999999999,13757.4285714285,11694553.022043385,51.50937501801177,-0.1959216162263908,"1,2"
LU,Oakwood,3093.37012987012,3541.19999999999,3465.45022975658,3361.79688459688,2573.25,3229.5,3741.55555555555,3597.92477024341,3549.02976190476,2694.0,2231253.6379826646,51.64763774735996,-0.1318535388133937,5
LU,Old Street,22009.2822680979,29354.8384097085,24931.6828505684,21507.4795908001,13342.2815947788,22146.717731902,29348.6615902914,26612.4600065744,24144.5204091998,12967.7184052211,16178065.47169309,51.52558133074304,-0.0876229573873512,1
LU,Osterley,2514.875,3129.49999999999,2592.625,2572.99999999999,1639.85714285714,2540.625,2992.0,2546.625,2475.0,1670.66666666666,1737363.8483729716,51.48121623575927,-0.3520960888490031,4
LU,Oval,7518.66666666666,9616.3,8742.0,7904.0,5167.16666666666,7317.77777777777,9115.9,8334.57142857143,7588.8,5150.33333333333,5361112.630155669,51.48141241737747,-0.1133210751213317,2
LU,Oxford Circus,69698.6666666666,84905.875,81555.8571428571,80279.0,49390.9999999999,78899.9999999999,97026.5,91864.4285714285,94932.5,55529.3333333333,54022845.74850996,51.51522317440166,-0.1408361701333405,1
LU,Paddington TfL,68700.6666666666,75981.1999999999,76713.5555555555,71372.4,52271.9999999999,66608.7777777777,76321.4,78751.8888888888,70190.4,49761.8571428571,46649966.174018666,,,
LU,Park Royal,2516.22222222222,2706.99999999999,2739.875,2256.99999999999,1563.79999999999,2594.88888888889,2824.99999999999,2909.5,2357.33333333333,1591.25,1653036.17792098,51.526833556086295,-0.2849289129671047,3
LU,Parsons Green,7771.22222222222,9200.29999999999,8423.5,6463.99999999999,3994.5,7644.66666666666,8977.6,8018.75,6061.59999999999,3950.125,5028967.551537022,51.47495982565945,-0.2011244900122527,2
LU,Perivale,2704.11111111111,3002.3,2830.88888888889,2271.2,1361.99999999999,2664.66666666666,2912.0,2757.66666666666,2142.8,1352.4,1686108.5018589613,51.53634129467288,-0.3230704159011666,4
LU,Piccadilly Circus,34813.2247051326,43227.1615773308,45542.1286424202,55131.5145450993,33468.1751530643,33087.3467234387,40512.8384226691,45406.2463575797,57890.0854549006,31679.3408275074,27682696.9345309,51.50969653217059,-0.1337115961590762,1
LU,Pimlico,10384.375,12463.625,11120.25,9192.4,6590.71428571428,10203.625,12231.125,10485.625,8769.59999999999,6384.57142857142,6928010.714242967,51.48955264664939,-0.1331082573913848,1
LU,Pinner,3595.70481951043,3595.70481951043,3387.60311474472,2966.25547924146,1833.85235210431,3586.06666316812,3586.06666316812,3106.50020299956,2931.41226710378,1814.16771885522,2106745.4993331702,51.59236105660715,-0.3812237817376104,5
LU,Plaistow,6748.28571428571,7009.4,7118.33333333333,5183.5,3714.66666666666,6362.55555555555,6702.29999999999,6623.33333333333,4710.0,3708.16666666666,4014434.4686277034,51.53128836681778,0.0177806419969851,3
LU,Preston Road,3699.77777777777,4012.59999999999,3815.625,2985.2,2000.33333333333,3685.99999999999,3961.5,3749.33333333333,2866.0,2092.33333333333,2297341.180788365,51.57210324779927,-0.2949720074830668,4
LU,Putney Bridge,6492.42857142857,8025.39999999999,7158.77777777777,7661.06838009123,4270.42857142857,7085.66666666667,8541.49999999999,7500.44444444444,7906.13161990876,4435.99999999999,4810117.197598727,51.46786499705636,-0.2093654143019544,2
LU,Queen's Park,6349.44444444444,7438.4,6960.0,5798.79999999999,3915.25,6082.33333333333,7005.79999999999,6312.77777777777,5421.99999999999,3985.57142857142,4148784.074555581,51.53431231776354,-0.2047981469506716,2
LU,Queensbury,5066.0,5338.39999999999,5237.25,3928.79999999999,2532.28571428571,5033.42857142857,5283.9,5205.5,3826.79999999999,2434.28571428571,3065100.2883643745,51.59388250931327,-0.286331592620629,4
LU,Queensway,8921.625,9601.25,10324.5555555555,10985.4,8027.75,9483.625,10471.375,11043.6666666666,11429.8,8079.0,6518486.091670796,51.51044892854765,-0.1874199010483689,1
LU,Ravenscourt Park,4071.0,4616.7,4579.71428571428,3100.2,2153.25,3978.85714285714,4567.19999999999,4403.57142857142,2928.39999999999,2135.625,2583723.0253649526,51.494067596546,-0.2359692298601434,2
LU,Rayners Lane,4930.13351792807,5299.67989531717,5108.90449588541,4034.36191682471,2625.17115118105,4787.49148207192,5217.12010468282,5001.53994855903,3875.23808317528,2676.57884881894,3039620.3697083895,51.575396127388515,-0.3710608057487111,5
LU,Redbridge,3371.44444444444,3575.2,3544.375,2968.83333333333,2015.57142857142,3115.22222222222,3262.375,3242.88888888888,2742.39999999999,1883.42857142857,2042273.35798791,51.576366994360605,0.0453940440870773,4
LU,Regent's Park,3073.875,3583.0,3195.125,2474.25,1507.71428571428,3570.375,4185.625,3851.375,2927.75,1722.28571428571,2147299.6702070045,51.523810437772845,-0.1453444097205957,1
LU,Richmond,5459.0184246525,5459.0184246525,6806.55977901939,4847.4115285238,4862.60046850214,6203.86606835077,6203.86606835077,6261.87191663192,4462.17474879339,5556.59358006707,3738887.039868294,51.46323239395917,-0.3017391287049293,4
LU,Rickmansworth,2867.85714285714,3315.39999999999,3092.85714285714,1985.6,1129.25,2779.14285714285,3218.9,3026.71428571428,1924.2,1118.0,1766011.7324944034,51.640322241933696,-0.4736845710128753,7
LU,Roding Valley,365.27369738801,365.27369738801,313.570480400825,214.980542679479,176.325,602.215015700793,602.215015700793,438.715823376624,321.295,174.485064935065,259270.91914027653,51.61695652081232,0.0440262071266384,4
LU,Royal Oak,3033.44444444444,3527.29999999999,3337.75,2840.8,1952.66666666666,2833.0,3284.33333333333,3087.125,2596.2,1896.0,1977094.624069058,51.5182940459234,-0.1888236715468541,2
LU,Ruislip,2086.33333333333,2367.3,2220.375,1913.6,1048.57142857142,2169.16666666666,2417.99999999999,2314.125,1851.99999999999,1092.57142857142,1367227.9282092024,51.572161233876166,-0.4212349155921323,6
LU,Ruislip Gardens,1192.99999999999,1461.3,1297.625,1092.2,595.75,1089.77777777777,1301.66666666666,1128.0,984.4,614.714285714285,766348.2304138301,51.55995951052218,-0.4092941013740339,5
LU,Ruislip Manor,2103.0,2416.68388888889,2277.25,1781.4,946.666666666666,2157.28571428571,2448.24012345679,2286.375,1648.0,971.166666666666,1353734.4621229416,51.57345090114912,-0.4128493444318482,6
LU,Russell Square,13522.375,14053.4285714285,14704.1428571428,11430.4,8879.28571428571,13663.375,14469.0,15363.8571428571,11445.8,7921.71428571428,8588433.27763318,51.523012836646224,-0.1245901968726192,1
LU,Seven Sisters,17621.6,36092.5414880418,19789.9421822518,16993.75,13594.8333333333,17193.8,37335.6585119581,19562.6292463195,16697.6666666666,13551.1666666666,16720075.923058266,51.58336204399537,-0.072466822518891,3
LU,Shepherd's Bush LU,18704.2222222222,21494.3999999999,21953.1428571428,23399.2,14904.1666666666,17701.0,20492.2222222222,20794.7142857142,21785.4,13815.9999999999,13130674.93178269,51.504531795613886,-0.2185191566688487,2
LU,Shepherd's Bush Market,4311.11111111111,4793.0,5200.28571428571,4528.25,3048.0,4136.33333333333,4656.77777777777,4822.85714285714,4069.75,2984.875,2891896.768767918,51.50588033819017,-0.2274004904102091,2
LU,Sloane Square,18206.8571428571,22052.9999999999,20136.25,18606.9999999999,11767.0,18217.1428571428,22236.6,20125.875,19604.8,11805.0,12769298.9807799,51.492359510480554,-0.1564888560570236,1
LU,Snaresbrook,2644.51024208566,3017.09999999999,2782.88888888888,2262.39999999999,1374.28571428571,2523.37864680322,2856.4,2616.66666666666,2172.2,1463.28571428571,1668765.936287342,51.58089131157066,0.021463927810755,4
LU,South Ealing,3936.0,4272.2,4257.66666666666,3421.79999999999,2212.0,3934.0,4207.0,4221.66666666666,3446.39999999999,2364.5,2505100.0046844897,51.50164352033085,-0.3070402394612233,3
LU,South Harrow,2704.0,2790.39999999999,2846.22222222222,2206.33333333333,1434.5,2804.33333333333,2873.22222222222,2900.66666666666,2208.0,1482.99999999999,1674309.9458821767,51.56467959482167,-0.351893963731605,5
LU,South Kensington,35528.625,37553.5999999999,39399.5714285714,37787.4,28850.5714285714,36609.375,38730.3999999999,40635.7142857142,39683.8,29701.0,24332469.422079418,51.494071083255236,-0.1739230213376395,1
LU,South Kenton,1577.75426296403,1577.75426296403,1574.21482389238,1296.68644128098,815.357740509496,1841.05292033614,1841.05292033614,2086.84133875254,1183.67430284672,881.556157295973,1012435.9281142296,51.571043947551274,-0.3081429717620929,4
LU,South Ruislip,2179.89740748395,2509.09181861515,2378.638073376,1946.66733655221,1167.05929843153,2087.07400525941,2442.36322426755,2291.25081551287,1903.73266344778,1172.81570156846,1410940.3030718565,51.55688965147795,-0.3991159010068219,5
LU,South Wimbledon,4797.0,5702.9,5290.11111111111,4952.4,3085.71428571428,4674.1111111111,5538.59999999999,5326.33333333333,5148.39999999999,3173.14285714285,3302306.29424319,51.41536039779992,-0.1919745440990572,"3,4"
LU,South Woodford,5587.19794532765,6525.01124809102,6138.124227663,5296.36002105819,3067.44133995474,5808.24649911679,6717.28875190897,6350.54243900366,5315.2399789418,3264.77044645328,3790939.232585388,51.59155266475493,0.0279430783744094,4
LU,Southfields,6886.33333333333,8093.2,7360.875,6097.39999999999,4024.66666666666,6602.22222222222,7676.7,6649.875,5502.0,4054.14285714285,4446602.670553823,51.44488297741004,-0.2066093830909312,3
LU,Southgate,5657.57142857142,6103.4,6077.33333333333,5330.59999999999,3633.42857142857,5990.66666666666,6485.4,6474.55555555555,5576.79999999999,3806.28571428571,3779589.137561208,51.63237564173069,-0.1277700463078405,4
LU,Southwark,12954.5714285714,16507.2857142857,13348.2857142857,10301.5,7150.66666666666,13310.4285714285,17009.875,14175.25,10764.0,6917.83333333333,8916716.119704215,51.50385344972166,-0.1057949389250921,1
LU,St. James's Park,13318.8888888888,16475.9,12608.0,8613.0,6010.28571428571,13467.7777777777,16764.8,12807.5555555555,8601.0,6376.71428571428,8542647.615219561,51.49960957772611,-0.1338787543411247,1
LU,St. John's Wood,8878.5,9584.1,9506.44444444445,7060.5,4845.16666666666,9119.0,9791.89999999999,9733.88888888888,7260.75,5083.5,5629160.653571382,51.53485412839329,-0.1740648386620702,2
LU,St. Paul's,13611.4444444444,17088.375,13957.0,11180.2,6980.66666666666,14090.8888888888,17413.4444444444,13969.8888888888,10291.7999999999,6432.85714285714,9130661.308479704,51.51483513873987,-0.0975710001169853,1
LU,Stamford Brook,3138.14285714285,3862.7,3532.88888888889,2855.6,1879.0,3087.66666666666,3722.29999999999,3280.88888888888,2538.99999999999,1853.375,2114025.0427309987,51.49444956856966,-0.245246306027922,2
LU,Stanmore,4330.75,4902.8,4694.71428571428,4116.0,2717.85714285714,4407.125,4914.09999999999,4719.14285714285,4216.25,2948.57142857142,2898970.651015033,51.619672950483576,-0.3030992875952985,5
LU,Stepney Green,7874.55555555555,8253.09999999999,8447.25,5515.75,3835.33333333333,7887.11111111111,8132.1,8016.875,5126.5,3834.33333333333,4691603.310553669,51.521995758615454,-0.047382523194855,2
LU,Stockwell,10726.6666666666,12979.3333333333,12818.125,12777.5999999999,7923.28571428571,9805.22222222222,11510.0,11692.625,11875.7999999999,7460.14285714285,7461301.421852944,51.47215905711563,-0.122846303356526,2
LU,Stonebridge Park,3714.44444444444,4068.22222222222,3825.55555555555,2563.59999999999,1635.33333333333,3649.0,3880.99999999999,3598.33333333333,2339.8,1679.71428571428,2204940.267659655,51.54398610565641,-0.2754004371046793,3
LU,Stratford,72350.7061051194,72042.233503034,64650.0588203609,78193.9640434388,73423.4278880637,73631.2938948805,72883.0392242386,66310.941179639,80750.3692898945,73351.5721119362,47881009.06403619,51.54169257587399,-0.0037516410271907,3
LU,Sudbury Hill,2521.77777777777,2604.0,2546.25,1975.0,1235.5,2524.33333333333,2605.75,2493.75,1861.66666666666,1255.0,1507932.998853702,51.55733901102981,-0.3363921085382283,4
LU,Sudbury Town,2374.88888888888,2475.7,2480.375,1851.75,1295.75,2214.22222222222,2256.71428571428,2218.5,1660.0,1229.4,1389322.1151709124,51.55139692710825,-0.3163434799075774,4
LU,Swiss Cottage,7781.71428571428,8563.6,8225.11111111111,6795.19999999999,4447.85714285714,7699.85714285714,8444.9,7992.88888888888,6562.59999999999,4386.0,4937419.364721736,51.5430345616616,-0.1756266026411379,2
LU,Temple,10113.5,12212.3778382213,10147.5714285714,4566.87574850299,2886.0,11099.75,13436.1221617786,11664.7142857142,5018.624251497,2951.0,6371668.981641353,51.51104042360467,-0.1137257495312543,1
LU,Theydon Bois,1012.42857142857,1207.22222222222,1087.625,1018.6,596.399999999999,987.142857142857,1153.33333333333,1060.77777777777,984.199999999999,603.666666666666,679199.0484092032,51.67255225418,0.1028907368816818,6
LU,Tooting Bec,8382.22222222222,10441.6,9546.28571428571,9419.4,5710.66666666666,8121.44444444444,9978.4,8893.14285714285,8974.99999999999,5985.16666666666,5943409.927228212,51.43583780495547,-0.1597004908317375,3
LU,Tooting Broadway,16650.8888888888,19603.3999999999,19525.5555555555,18006.3999999999,10894.6666666666,16793.5555555555,19493.1999999999,19163.6666666666,17618.8,11055.6666666666,11623862.67921634,51.42704887092591,-0.1686845257776603,3
LU,Tottenham Court Road,62192.25,85956.0,78365.625,74695.5,51536.25,60916.75,83933.3,79128.875,73792.25,49915.0,48952679.35130408,51.516210657936185,-0.1311104379402324,1
LU,Tottenham Hale LU,19004.4444444444,20492.1111111111,20365.375,19038.6666666666,14660.75,18789.3333333333,20312.3333333333,19853.875,17354.4,13973.125,12492328.8727215,51.58799768229062,-0.0601878224855683,3
LU,Totteridge & Whetstone,2691.875,3214.375,2887.55555555555,2600.6,1508.2,2648.125,3187.125,2914.5,2460.8,1532.33333333333,1809399.8561444448,51.63024642876388,-0.1793542612333949,4
LU,Tower Hill,21270.5,23365.7,22978.7142857142,26282.8,18498.5,21473.8888888888,24637.4,24861.7142857142,28875.8,18945.875,15398014.04782042,51.51039415022928,-0.0767011981209769,1
LU,Tufnell Park,4249.88888888889,5059.44444444444,5045.22222222222,5185.5,3130.5,4029.22222222222,4704.875,4552.55555555555,4552.25,3041.25,2968536.9981486597,51.55644057500823,-0.1377421740527929,2
LU,Turnham Green,6529.11111111111,7984.0,7475.5,6685.4,4527.83333333333,6657.33333333333,8117.9,7732.125,6955.6,4647.33333333333,4683256.109333347,51.49518152685563,-0.2545245642842539,2
LU,Turnpike Lane,11470.8888888888,13081.2,12929.6666666666,12037.4,8330.125,11727.25,13093.8,12832.6666666666,11542.9999999999,8262.42857142857,7890066.431196017,51.59035796825513,-0.1028050405776601,3
LU,Upminster,5695.38639408418,6707.57797421453,5755.79984687682,4557.60762261497,3575.02493174184,5767.22122769299,6821.72893571521,5874.22590079598,4484.54399739131,3786.0424898792,3768771.4598963982,51.55876377100152,0.2514008048009922,6
LU,Upminster Bridge,1333.71428571428,1453.1,1260.75,641.666666666666,311.5,1344.0,1410.2,1239.0,645.333333333333,351.4,739660.167652885,51.55771918780094,0.2345418919290422,6
LU,Upney,3399.5,3634.6,3414.5,2323.33333333333,1641.4,3133.85714285714,3277.3,3115.99999999999,2085.33333333333,1438.75,1943045.8722912208,51.53840581666546,0.1015317446641368,4
LU,Upton Park,12525.125,13331.5,12984.4444444444,10651.75,7491.16666666666,11938.7777777777,12704.7999999999,12390.4444444444,9913.25,7300.0,7685138.904420136,51.536628259878114,0.0345418397236073,3
LU,Uxbridge,9879.00476551874,10163.2289465478,10119.9313380281,7042.72706766917,4240.85714285714,9919.99523448125,9976.27105345214,9836.50704225352,6558.47293233082,4305.28571428571,5756483.9365731375,51.54645372786724,-0.4771015464209747,6
LU,Vauxhall LU,30827.2857142857,36468.5555555555,35094.7777777777,30905.8,21406.0,29609.125,34533.25,32591.4444444444,28776.6,21416.625,20877533.67076733,51.48573560145266,-0.1238299519704192,"1,2"
LU,Victoria LU,81783.915368932,99356.3345711607,94628.2822818227,68868.0145064067,51135.3448231455,85529.6401866235,101703.065428839,94298.6066070662,67322.7354935932,52358.2266054259,56430221.229839094,51.49642371956767,-0.1439207051263039,1
LU,Walthamstow Central,19105.8809421598,21538.8471654942,21137.1530973424,18691.7777695399,12643.572587416,19102.4523911734,21393.3750567279,21117.0184188423,18559.72223046,13069.9988411553,12810971.776984844,51.58301808337606,-0.0199405450055509,3
LU,Wanstead,2706.0,3130.25,3003.42857142857,2737.0,1726.875,2868.77777777777,3262.09999999999,3144.0,2759.8,1808.28571428571,1879177.5827433064,51.574902199570865,0.028760472436225,4
LU,Warren Street,20863.125,24727.9999999999,20753.875,12055.5,8049.875,21629.5,25775.3,21484.5,12134.8,7894.5,13006334.971758865,51.524579764761874,-0.1382783305384803,1
LU,Warwick Avenue,4250.55555555555,5047.8,4762.0,4107.6,2767.42857142857,4126.55555555555,4806.0,4450.11111111111,4064.59999999999,2940.42857142857,2872125.9444733295,51.52310413807906,-0.1829532911134564,2
LU,Waterloo LU,94212.1045126425,123889.481805011,105035.806685168,91311.9828658216,46804.7142857142,100429.523369281,131351.668874428,112396.676732674,93771.6306951566,50548.9999999999,68719184.50897498,51.50314645678346,-0.1132592512581959,1
LU,Watford,2776.125,3078.2,2920.57142857142,1850.6,1118.33333333333,2796.625,3033.7,2937.85714285714,1823.2,1114.83333333333,1678824.117859734,51.6576044159566,-0.4172699967299536,7
LU,Wembley Central,6705.871582071,6977.61686211001,6919.97745416489,6372.10831638206,4056.66666666666,7127.4141322147,7574.04980455664,7366.6475458351,6513.29168361793,4127.33333333333,4369286.994236234,51.55186429753856,-0.2963923219160409,4
LU,Wembley Park,22546.75,23648.125,26056.625,24355.6843243243,16203.6666666666,22267.375,23307.625,25927.75,24793.3156756756,15775.6666666666,15002565.385338934,51.56332200349157,-0.2792425481111569,4
LU,West Acton,1740.11111111111,1904.33333333333,1853.625,1602.6,908.833333333333,1716.33333333333,1814.375,1852.57142857142,1607.6,895.833333333333,1098089.224849351,51.51776969314101,-0.2806571709044868,3
LU,West Brompton,7177.07721142975,7177.07721142975,7003.76938526328,6910.4262225211,4287.48297516667,7402.70511028627,7402.70511028627,6548.14341889033,6721.83788653645,4160.86518898407,4421398.988720459,51.48732859696135,-0.1955388096704278,2
LU,West Finchley,1914.99083333333,2259.82861451894,1984.87791495198,1565.0,941.483695652174,1809.83333333333,2077.57138548105,1826.23319615912,1441.39999999999,932.516304347826,1196676.10882027,51.60926242118551,-0.1889171074792101,4
LU,West Ham,7848.23082940861,7722.04702559847,6810.85587255727,6263.34017756679,4090.3456994752,7738.43583725804,7553.03630773485,6768.25523855383,6387.2598224332,4200.22572909622,4514604.148558633,51.528525530726974,0.0053173938327879,3
LU,West Hampstead LU,10959.5555555555,12637.5,12138.3333333333,10366.0,6371.28571428571,10388.2222222222,11881.1,11340.4444444444,9630.8,6093.57142857142,7098774.0419528885,51.54747402267271,-0.1911265834430952,2
LU,West Harrow,1410.10744960805,1410.10744960805,1568.90999844735,1293.60305653626,825.763615497155,1623.96557682913,1623.96557682913,1712.19327196577,1343.00388691586,1051.28215391339,937962.3643807432,51.578923661261655,-0.3538466898684307,5
LU,West Kensington,5290.22222222222,6386.89999999999,5924.0,5570.39999999999,4094.71428571428,5047.66666666666,5998.3,5187.85714285714,4708.4,3761.42857142857,3611425.876249861,51.490109027210565,-0.2062036922180267,2
LU,West Ruislip,1724.00263309321,1975.00248550279,1798.82667247588,1687.3197316846,890.239959959689,1743.33070024011,2034.53215748578,1809.31618466697,1710.00139891732,911.495240565549,1143714.4311340249,51.56958715703546,-0.4378601343740381,6
LU,Westbourne Park,4993.22222222222,5713.4,5588.33333333333,4548.8,2901.0,4729.55555555555,5395.1,5145.77777777778,4078.2,2869.14285714285,3208553.534828673,51.520988514909256,-0.2008825128147461,2
LU,Westminster,25863.4444444444,27986.375,26479.875,30154.0,19528.8571428571,27313.3333333333,29807.75,27764.25,31484.8,20115.8571428571,17981143.253569197,51.501401389193255,-0.1250020783467796,1
LU,White City,11131.5555555555,13750.9999999999,11472.125,8945.5,5852.375,10829.1111111111,13454.125,11392.75,9645.5,6182.125,7391602.633411123,51.51223207227981,-0.2246319285152728,2
LU,Whitechapel,22750.7759943033,25377.4743934152,22632.2268693062,16468.3263555954,12405.8676303142,22970.8906723633,25697.0256065847,22692.0588449794,16738.1736444045,13331.8823696857,14269346.997084891,51.5195876908872,-0.0594204849881092,2
LU,Willesden Green,8212.55555555555,8989.2,9127.0,7637.4,5325.5,8161.44444444444,8858.9,8894.66666666666,7414.59999999999,5359.625,5349685.234782437,51.54937292482699,-0.2224076012496468,"2,3"
LU,Willesden Junction,7164.36629593316,7951.32100673798,7586.59468069097,5464.91142354311,3522.51998793135,7061.74720353674,7679.48532649049,7262.82221024841,5120.38793684275,3681.52740642745,4412252.420302257,51.53223356661704,-0.243909139837678,3
LU,Wimbledon,18624.8953578725,18624.8953578725,17651.2076964567,16863.8028829658,10651.6969867526,19552.0128074545,19552.0128074545,18419.0429051683,17105.8580830371,11308.0570185725,11516014.361503905,51.4211075087935,-0.2066628334400531,3
LU,Wimbledon Park,2516.0,2959.39999999999,2754.5,2563.19999999999,1505.625,2530.33333333333,2918.7,2659.25,2487.4,1556.25,1703907.9077749625,51.4345806287444,-0.1991862729730618,3
LU,Wood Green,13387.5,14832.5,15580.1111111111,14567.1999999999,9406.5,13238.5,14724.1,15316.0,14358.2,9206.75,9117030.591715328,51.59745355165763,-0.1095265887761309,3
LU,Wood Lane,5571.66666666666,6864.44444444444,6080.11111111111,5817.5,3807.83333333333,6072.625,7460.6,6755.99999999999,6540.5,4136.0,4129893.6898994823,51.5096578296917,-0.2244726057099385,2
LU,Woodford,6529.05320406203,7594.9419582447,7069.13972145698,5831.33333333332,3654.0,6334.50235149351,7348.4580417553,6786.48527854301,5489.0,3641.5,4243207.724268595,51.607201902790344,0.0340562024166259,4
LU,Woodside Park,4363.39641862963,4363.39641862963,4045.72959672003,3401.62261160169,2148.36479739851,7472.49616951055,7472.49616951055,6864.3002185764,5752.43996311964,4185.94814871712,3470324.1677071326,51.61786809900362,-0.1854255027302192,4
LU,Nine Elms,4985.33333333333,6123.5,5828.71428571428,5333.5,3991.79999999999,4719.88888888888,5682.77777777777,5198.71428571428,4641.5,3695.2,3473689.38079337,51.48000104922924,-0.1285009828307203,1
LU,Battersea Power Station,10426.3333333333,12229.625,13867.3333333333,20786.75,11949.6666666666,10001.0,11701.375,13276.4999999999,20462.0,11277.6666666666,8651588.957497027,51.479496343757326,-0.1420013513646783,1
LO,Acton Central,2557.85714285714,2704.19999999999,2765.0,1759.8,1156.66666666666,2533.14285714285,2692.33333333333,2654.85714285714,1408.16666666666,1126.16666666666,1512621.6348688088,51.508757351253415,-0.2634301953256889,2
LO,Anerley,1818.36550417273,1818.36550417273,1666.79679166137,1239.70732746384,1443.0919323109,1716.37085627437,1716.37085627437,1501.01663159937,1001.44424553357,1708.34786434651,1067937.347205902,51.41251661375114,-0.065137099879019,4
LO,Barking,0.0,0.0,0.0,0.0,0.0,0.0,0.0,0.0,0.0,0.0,0.0,51.53952124839739,0.0808316104030654,4
LO,Bethnal Green LO,2146.37726748453,2367.30628080109,2324.33080183945,1936.40557827409,1323.26727482436,2352.24214462968,2684.07255950508,2735.66110936353,2214.27073503198,1478.80185942469,1489767.8812101204,51.52719165312213,-0.055392111450162,2
LO,Blackhorse Road,0.0,0.0,0.0,0.0,0.0,0.0,0.0,0.0,0.0,0.0,0.0,51.58577656484627,-0.0396257114650528,3
LO,Brockley,5009.76407675369,5009.76407675369,5363.76218936772,4755.70934256055,3138.39257628185,4614.1318024536,4614.1318024536,4552.39462094998,3925.09873824753,3026.58068575023,2976079.45533983,51.46474960336704,-0.0377482504677787,2
LO,Brondesbury,3912.91810841984,4237.44364055782,4294.58949355143,2616.72583471891,2272.72727272727,3792.83026341849,4142.68113662577,4099.16640452972,2127.95278539223,2193.5619167453,2373563.230816242,51.54526203281226,-0.2028384833427922,2
LO,Brondesbury Park,2482.48434489916,2482.48434489916,2575.20178461897,921.970442481031,965.175565463665,2473.38172630847,2473.38172630847,2524.14828577351,812.663318306369,1066.26463078496,1349727.4134146548,51.54032502366848,-0.2104739441080781,2
LO,Bruce Grove,3537.01756604432,3537.01756604432,3060.77089210308,2477.00169497764,2125.47523601358,2890.19738645787,2890.19738645787,2801.66471962076,2160.06888749241,1694.85057929116,1883231.656934907,51.59401113363423,-0.07039898936228,3
LO,Bush Hill Park,2109.42553992325,2109.42553992325,1811.13855084688,1520.1522237296,918.478062257847,1771.19876974915,1771.19876974915,1501.40717178374,1201.89859868579,844.452278740547,1097138.2195103995,51.641481848544466,-0.0692804122261309,5
LO,Bushey,598.403232538386,598.403232538386,664.316276266047,1261.51240303985,495.55110307024,1081.83746761816,1081.83746761816,626.118014070551,1050.24907210145,432.098816975897,529317.2907765222,51.64554353257736,-0.3847215327260823,8
LO,Caledonian Road & Barnsbury,2908.6742635462,2908.6742635462,3410.64812448225,2403.96588297608,1533.73384051613,2976.33911813475,2976.33911813475,3508.32780101634,2277.86037112849,1727.33489061054,1806697.059047804,51.543284389381675,-0.1152048559488143,2
LO,Cambridge Heath,2168.29475405704,2168.29475405704,2018.69658194493,1741.43282701291,1475.03608326884,2294.87627716199,2294.87627716199,2280.68970236456,1808.25438370524,1466.27983961011,1347571.963903039,51.5320596731624,-0.0572032006374023,2
LO,Camden Road,5675.78903219041,6354.51399811261,6074.76145538429,5740.79899339414,3622.99465240641,5970.69309007025,6756.10779070986,6768.76900492817,6163.88801509908,3850.0052427388,3914293.6541687376,51.54185100885649,-0.1392031114010443,2
LO,Canada Water,0.0,0.0,0.0,0.0,0.0,0.0,0.0,0.0,0.0,0.0,0.0,51.498168331250874,-0.0508071208490972,2
LO,Canonbury,3364.11111111111,4046.19999999999,4048.125,2119.0,2471.25,3221.55555555555,3774.1,3753.125,1902.0,2490.79999999999,2203253.8816415817,51.54818823621243,-0.092574195328179,2
LO,Carpenders Park,1789.34675474467,1893.15298311838,1837.84208870714,1308.58760616546,790.455219520963,1847.42465019281,1958.05808954597,1857.89556464296,1242.52909720037,832.896438432771,1084933.5815619722,51.628186088758376,-0.3858293151270327,7
LO,Cheshunt,789.199999999999,850.5,844.5,767.999999999999,676.333333333333,1395.14285714285,1406.55555555555,1417.5,1071.99999999999,833.5,685350.4318776302,51.70287327834175,-0.0238874154296612,8
LO,Chingford,2754.51020943911,3337.65259718897,2847.04018268032,2528.31078955646,1566.11093635315,2735.91887960588,3316.96025119549,2802.24389220928,2430.00943692985,1675.1599035336,1849096.7185620004,51.63325339188138,0.0095143255308797,5
LO,Clapham High Street,2472.61830528582,2472.61830528582,2601.83610518232,2210.68965470628,1625.07369144352,2627.22786531271,2627.22786531271,2962.28223853107,2579.07970080247,1910.48349172622,1613188.1003460996,51.46546929922253,-0.132464501562701,2
LO,Clapham Junction,20725.8888888888,22925.4444444444,22346.875,17782.0,10496.1666666666,18371.3333333333,19995.7777777777,19783.625,15621.9999999999,9423.16666666666,12388179.530369963,51.464366507789435,-0.1703150005441662,2
LO,Clapton,3187.0,3893.56387426723,3730.0,2239.40241807713,1504.50836921482,2885.0,3433.13218411631,3321.0,1900.29568962233,1390.90341023517,1982477.691625278,51.56156899642487,-0.0574894582650097,2
LO,Crouch Hill,1710.06773713535,1710.06773713535,1755.62113951819,1357.29377407292,762.363594666828,1756.5331824458,1756.5331824458,1805.4524751768,1420.89772619148,890.568337117961,1028382.5673685592,51.57132690836755,-0.1171332840976015,3
LO,Crystal Palace,2639.11111111111,3025.14285714285,2656.19999999999,2827.0,2217.8,2669.55555555555,2895.71428571428,2546.39999999999,2560.75,2252.19999999999,1793978.5330471038,51.418170235167786,-0.0726072324587528,"3,4"
LO,Dalston Junction,6597.72465135787,8337.52752437873,9106.37517038901,10930.2715738701,6239.38345391632,6700.3367003367,8359.75673691936,9373.75484953339,11574.7090279962,6579.11292859389,5513608.838217161,51.54609359547847,-0.0749942044988174,2
LO,Dalston Kingsland,7073.10999266016,8140.29569046869,9133.76848065429,8627.45098039215,5246.58348187759,7052.27010590332,8048.44290657439,9465.63384712173,8771.10202369718,5633.32284785571,5154919.177079337,51.54866769606561,-0.0762269216179967,2
LO,Denmark Hill,11626.6732206928,11626.6732206928,11261.6266776054,5584.44548954173,5181.11522888661,11969.4972014155,11969.4972014155,11642.8505350437,5602.77717391305,5177.10915697674,6531757.924610967,51.468200492925064,-0.090987869102917,2
LO,Edmonton Green,5273.730113039,5273.730113039,5286.85945932655,4676.57089068329,3234.59951747938,5085.38438343933,5085.38438343933,5299.08055572709,4216.16856514081,3059.79248042182,3162009.7425990077,51.62511560436454,-0.0616390192351294,4
LO,Emerson Park,574.807261676636,574.807261676636,501.940916621295,292.596293408292,105.593181818181,411.978150015925,411.978150015925,357.25278125419,159.879697029312,96.0214765100671,256896.9062868935,51.56911527219532,0.2202229371998107,6
LO,Enfield Town,3353.40553333632,3680.29778756422,3364.78976617385,2557.75750585439,1765.75443011429,3145.90542099192,3382.71993289294,3137.25490196078,2216.62996749502,1621.57911292859,1992542.5476816057,51.65196994515368,-0.0793299217281958,5
LO,Euston NR,3836.0,5005.2,5247.99999999999,4861.0,2940.0,3591.0,4466.7,4814.99999999999,3920.0,2916.75,2848390.403917497,51.528664114832,-0.1332964708191512,1
LO,Finchley Road & Frognal,3248.45908110895,3248.45908110895,3367.17587323305,1212.55892265777,1792.73572398323,3496.76201829071,3496.76201829071,3572.44884268864,1258.77156307056,1854.25347316187,1883708.5717405195,51.55011920011288,-0.1836512006949723,2
LO,Forest Hill,3954.9910135295,3954.9910135295,3898.00710870649,3582.91053935835,2702.7835057014,4097.88254879508,4097.88254879508,4081.26498790255,3440.67772156281,2804.87464360516,2480414.895579804,51.43930822760034,-0.0533285042533909,3
LO,Gospel Oak,3619.31969228625,3939.28375409866,3948.73740665005,2887.53628412223,1977.51054547097,3548.0867830787,3868.61366211026,3832.83511540689,3242.6234446534,2019.69646901031,2281783.459620687,51.55540504806539,-0.1513010312452065,2
LO,Gunnersbury,0.0,0.0,0.0,0.0,0.0,0.0,0.0,0.0,0.0,0.0,0.0,51.49186296322991,-0.2751641314162503,3
LO,Hackney Central,6383.14387093197,8046.70149477916,8176.71684129127,8421.96097712884,5170.31814670671,6697.30057351246,8234.89850522083,8528.28315870872,9269.53902287115,5421.01138996996,5029944.180272957,51.54725735659255,-0.0555895118024949,2
LO,Hackney Downs,6809.0,5375.12101628021,7335.0,5954.32485448683,5954.32485448683,6317.0,7322.07755318024,7468.0,5175.73146317,5175.73146317,4153346.439577201,51.54907798925833,-0.0601851048568028,2
LO,Hackney Wick,5213.39423992804,5213.39423992804,5230.52048877108,5210.6296058165,2796.06781831757,4736.00385586908,4736.00385586908,5428.91045311552,5731.38734498157,3102.39189430026,3166148.4962428743,51.54355836778055,-0.0252595027702908,2
LO,Haggerston,3979.11111111111,4972.29999999999,4663.22222222222,4134.2,2612.125,3961.11111111111,4920.8,4666.0,4284.4,2695.625,2854583.885991687,51.53868460901327,-0.0755952577608923,2
LO,Hampstead Heath,4547.44444444444,4890.1,4834.57142857142,3076.5,2833.6,4531.0,4833.89999999999,4739.42857142857,3170.49999999999,2909.2,2814083.4374838388,51.555199657702005,-0.1645661816775728,3
LO,Harlesden,0.0,0.0,0.0,0.0,0.0,0.0,0.0,0.0,0.0,0.0,0.0,51.536257908620385,-0.2574956703770174,3
LO,Harringay Green Lanes,2494.0,2606.66156011993,2747.0,2566.0,1629.0,2603.0,2693.46156027691,2745.0,2536.0,1694.0,1642617.8991657428,51.5771457347569,-0.0982173912207183,3
LO,Harrow & Wealdstone,0.0,0.0,0.0,0.0,0.0,0.0,0.0,0.0,0.0,0.0,0.0,51.59259408808769,-0.3342526785741267,5
LO,Hatch End,953.785257418475,1061.36334510036,999.732037794321,717.835797420572,437.693794095178,941.362879079142,1057.75168058905,1012.31461093052,745.517458320226,464.65645081562,594215.6252104476,51.609827902244945,-0.3691787730321793,6
LO,Headstone Lane,1051.13916165197,1051.13916165197,1090.47769070094,531.10852081303,443.107368799424,902.723185906146,902.723185906146,887.995525936659,464.603025813691,478.866813142448,550996.5619254212,51.602499044558435,-0.3569075069574213,5
LO,Highams Park,3915.18016110088,4690.35368313361,4086.95822904895,3009.33207507602,1774.9292230261,3829.16059362049,4538.96371227374,3809.53845637506,2716.26297577854,1810.57984691202,2476551.4388864124,51.608355995963855,-0.0001352859195288,4
LO,Highbury & Islington,0.0,0.0,0.0,0.0,0.0,0.0,0.0,0.0,0.0,0.0,0.0,51.54649533884997,-0.1040821392393529,2
LO,Homerton,6128.31228748183,7103.4916640453,7044.53706616336,5445.10852469329,3600.71301247771,6057.01103971,6747.50969906679,6358.26255635944,4965.39792387543,3592.32463038691,3986986.3384266263,51.54659538619648,-0.0385123470211163,2
LO,Honor Oak Park,3356.05186816259,4055.57303135158,3705.1017673855,3238.1251966027,2001.46796686589,3382.6150781168,4018.97871448044,3422.57639835494,2971.37464611513,2099.19261822376,2277084.5319550172,51.45064817104048,-0.0441531210321065,3
LO,Hoxton,4261.03596518821,5406.62682185173,5066.46627753894,4137.98888539372,3603.15962392086,4416.61423927859,5660.37538009856,5420.52590495497,4392.99570095418,4401.27922826884,3241591.840786732,51.53139149136721,-0.0755856468761882,"1,2"
LO,Imperial Wharf,5025.98301352626,5025.98301352626,4965.82573136206,2882.03837684806,1804.71846492607,4673.08902170493,4673.08902170493,4547.02736709657,2602.15476564957,1578.24787669078,2689975.9810898197,51.47493863003009,-0.1828375028016368,2
LO,Kensal Green,0.0,0.0,0.0,0.0,0.0,0.0,0.0,0.0,0.0,0.0,0.0,51.53052384871879,-0.2247133811380436,2
LO,Kensal Rise,5127.93759888526,5127.93759888526,4200.76279174884,3229.19690280743,2817.78952947463,4883.85232270869,4883.85232270869,3799.70778541337,2660.64188109099,2872.50283884875,2805309.9620806593,51.5342147055381,-0.2208209758254941,2
LO,Kensington (Olympia),2995.77059490273,3691.74156591776,3729.45308692791,2203.64161710493,2269.65707226228,3079.66256222295,3858.89618938461,3584.24255138485,2023.82556232546,2032.76889940421,2096930.7852913823,51.497879357125825,-0.2103792397678828,2
LO,Kentish Town West,3522.44700464956,3522.44700464956,4092.80363607696,2854.00288477337,2330.67316642019,3542.62489190215,3542.62489190215,4240.86444931652,2770.05902784086,2362.56271101806,2207035.842785856,51.546547731815146,-0.1467564086224741,2
LO,Kenton,0.0,0.0,0.0,0.0,0.0,0.0,0.0,0.0,0.0,0.0,0.0,51.581495770351395,-0.3152168608263206,4
LO,Kew Gardens,0.0,0.0,0.0,0.0,0.0,0.0,0.0,0.0,0.0,0.0,0.0,51.476788671230366,-0.2853810066761743,"3,4"
LO,Kilburn High Road,1088.09299120717,1184.85897032609,1252.86478227654,1025.06029149627,696.759987417426,1175.55310894411,1201.89787144804,1251.03398459799,1091.11880046136,745.167942399776,728566.8854384569,51.53726743072475,-0.1911131036134286,2
LO,Leyton Midland Road,2240.97957661971,2446.57649155919,2400.12582573136,1851.9450560973,1053.9652581175,2269.87289271026,2414.9103491664,2304.10880929912,1740.58928384187,1053.9652581175,1387888.4085925317,51.56936422878631,-0.0080663474303507,3
LO,Leytonstone High Road,1547.77300106019,1685.75023592324,1691.70074446891,1409.03848170284,954.178462828981,1496.2776554472,1633.42770263185,1619.25732859988,1303.3448673587,908.252070881828,982688.3934225582,51.563807360364464,0.0082544688359558,3
LO,Liverpool Street NR,19264.5,24528.9999999999,20787.0,9087.99999999999,8329.0,17878.5,21993.1111111111,20288.5,7228.99999999999,7024.5,11736136.240546357,51.51759813225402,-0.0822496218888544,1
LO,London Fields,2969.85475709812,2969.85475709812,2822.5100157371,3027.53455708153,2230.65134165636,3130.24624042699,3130.24624042699,3051.81279778529,3829.40808622358,2788.05207926006,1983050.480247035,51.54071874924931,-0.0576996862209216,2
LO,New Cross,3473.96863043575,3473.96863043575,3391.39691017784,3307.61971474147,2283.32004945215,3466.48263667214,3466.48263667214,3197.8465214991,3533.17968189329,2383.97363362954,2157537.087956952,51.47642936493697,-0.0322788114450521,2
LO,New Cross Gate,6357.0,7070.65130211085,7157.0,8420.0,5580.0,6317.0,6887.10236746191,7149.0,8596.0,6193.0,4593779.827116571,51.475264866034166,-0.0395290518483199,2
LO,North Wembley,0.0,0.0,0.0,0.0,0.0,0.0,0.0,0.0,0.0,0.0,0.0,51.56239579644328,-0.3039482139132909,4
LO,Norwood Junction,2618.0,3083.5007865919,2969.0,2705.0,2001.0,2629.0,3013.18813861244,2669.0,2573.0,1656.0,1792966.0185587571,51.39695420145057,-0.0752098562061818,4
LO,Peckham Rye,4602.92045765252,4602.92045765252,4402.34392155435,4851.76131349097,3436.48269689737,5704.25962254554,5704.25962254554,5539.49214920803,5485.25976773211,4217.23076923076,3253834.35256705,51.46951125269604,-0.0699835529061943,2
LO,Penge West,1291.61582838315,1291.61582838315,1301.43057295513,1530.22421224362,764.658658189225,1210.58866015717,1210.58866015717,1235.93831121852,1220.44074130282,712.847168439491,789183.9542088285,51.41806283133318,-0.0606457643426384,4
LO,Queen's Park,0.0,0.0,0.0,0.0,0.0,0.0,0.0,0.0,0.0,0.0,0.0,51.53431231776354,-0.2047981469506716,2
LO,Queens Road Peckham,2754.68074983661,2754.68074983661,2205.93363790427,2762.80968349135,1818.58636740669,2733.67112740786,2733.67112740786,2094.88568906804,2741.13260498573,1835.60101374019,1666046.7226526204,51.47428461792391,-0.0573549786690293,2
LO,Rectory Road,2572.23172801112,2572.23172801112,2287.84682288476,1906.34265460104,1276.93505331346,2282.05202530284,2282.05202530284,2248.21735530862,1834.57145961553,1408.33126984029,1429260.03410272,51.55876336735922,-0.0683856644542954,2
LO,Richmond,0.0,0.0,0.0,0.0,0.0,0.0,0.0,0.0,0.0,0.0,0.0,51.46323239395917,-0.3017391287049293,4
LO,Romford,0.0,0.0,0.0,0.0,0.0,0.0,0.0,0.0,0.0,0.0,0.0,51.57464189428389,0.1830552742758095,6
LO,Rotherhithe,2013.21170179301,2496.90678410401,2346.12561602181,2187.2706301772,1372.89853552829,1852.12855195554,2258.68838325585,2135.23644752018,1963.30082835273,1286.74286113732,1384298.1635366606,51.50159442070272,-0.0529662962549398,2
LO,Seven Sisters,0.0,0.0,0.0,0.0,0.0,0.0,0.0,0.0,0.0,0.0,0.0,51.58336204399537,-0.072466822518891,3
LO,Shadwell LO,5025.85672753797,5739.61719625296,5887.99271991543,5223.25490516694,3808.93395116108,5417.94111245364,6158.98823522444,6107.43679563082,5375.72800350454,3891.00163804786,3595992.040680381,51.511300064669385,-0.0569192069418581,2
LO,Shepherd's Bush NR,9484.11450141554,9484.11450141554,9932.17993079585,9209.92450456118,5768.46492607738,9514.93306770123,9514.93306770123,10154.6607947992,9409.62173639509,5774.33941491034,5939472.12196837,51.504531795613886,-0.2185191566688487,2
LO,Shoreditch High Street,8233.8523644752,11082.5207088182,10827.1731152354,11840.4110307224,7677.3356401384,8603.21787657428,11964.6639404424,12326.8439877436,13554.1574918737,7864.89462094998,7060323.668907393,51.523466695343075,-0.0770874243313969,1
LO,Silver Street,4054.03741841423,4054.03741841423,3952.48522650598,2977.24223917794,2116.13259283574,3915.06636396882,3915.06636396882,4095.69867530098,2985.10965646468,2224.18963838738,2363044.7699755095,51.61524236180803,-0.0725897412586619,4
LO,South Acton,1858.1123100033,1858.1123100033,1868.77166493375,1345.8575385425,1253.69515747875,2040.37415311333,2040.37415311333,1904.35698671527,1057.09547802735,1459.78213065644,1151876.5473674273,51.49968538827372,-0.2702152032662244,3
LO,South Hampstead,1014.34473507807,1014.34473507807,1008.39751688217,725.866745367299,576.349190515071,987.698706060396,987.698706060396,1001.1122738433,802.165486156374,553.78319521711,596361.1967300242,51.54147655809487,-0.1783711981146253,2
LO,South Kenton,0.0,0.0,0.0,0.0,0.0,0.0,0.0,0.0,0.0,0.0,0.0,51.571043947551274,-0.3081429717620929,4
LO,South Tottenham,2170.95988722286,2463.56296529306,2195.659012268,1757.57575757575,1094.89357240222,2283.97003483508,2602.49554367201,2350.37805972062,1968.96298626402,1130.75390584041,1418530.913864207,51.580402471228126,-0.0718559563059047,3
LO,Southbury,1449.90854333414,1493.01550685633,1520.04473803781,1125.09174792911,753.90584041103,1528.54962543543,1588.31684783241,1592.14487934211,1169.65502778651,836.216839677047,904221.3504057126,51.648433641300066,-0.0529833104002623,5
LO,St James Street,1966.14355783905,2370.13735975673,2153.86689435132,1840.20132117017,1150.60641012198,2021.83309449745,2456.32798573975,2135.77528456421,1788.03607004299,1149.90737828108,1349580.520077994,51.580608613025774,-0.0328045616794668,3
LO,Stamford Hill,1790.21969541974,1790.21969541974,1755.23822877772,1158.72853566451,893.934144192323,1767.86281043512,1767.86281043512,1721.84062881165,1067.08812072212,843.947446643325,1019655.6418097968,51.57444748083396,-0.0766683415728566,3
LO,Stoke Newington,3000.96030310921,3000.96030310921,2994.74188327215,2372.56085242541,1615.28958188599,2714.62959629187,2714.62959629187,2723.13914814629,2254.75792058423,1554.65266351867,1711453.949371116,51.56463749414495,-0.0723353943786902,2
LO,Stonebridge Park,0.0,0.0,0.0,0.0,0.0,0.0,0.0,0.0,0.0,0.0,0.0,51.54398610565641,-0.2754004371046793,3
LO,Stratford,0.0,0.0,0.0,0.0,0.0,0.0,0.0,0.0,0.0,0.0,0.0,51.54169257587399,-0.0037516410271907,3
LO,Surrey Quays,6470.95090029115,7330.77580380707,7609.15677968579,7150.33149233593,4298.19256358001,5911.93214003133,6644.26875947278,6796.60790289549,6861.41224259119,3969.90611974357,4280981.096020822,51.49326678162275,-0.0475299875263056,2
LO,Sydenham,3311.67246583506,3311.67246583506,3075.52542085203,3062.77036558618,1943.68431667398,4036.00118475477,4036.00118475477,3784.36468545821,2830.34901834165,2219.304911739,2178593.07477054,51.42734116410619,-0.0550886707642229,3
LO,Theobalds Grove,1037.53800985634,1096.64988990248,1055.75652720981,714.41054140016,456.81730802838,960.236738783451,991.460161010333,937.401698647373,658.138478207682,438.991996085421,589199.3793416366,51.69237253480553,-0.0347481343438092,7
LO,Turkey Street,1453.63671315228,1521.55930702643,1566.79249239802,992.625214078501,714.480444584251,1350.99553784674,1414.70063961413,1412.04431861871,884.974310579846,719.828038167139,842337.6720490429,51.67265358634988,-0.0472299312310293,6
LO,Upminster,0.0,0.0,0.0,0.0,0.0,0.0,0.0,0.0,0.0,0.0,0.0,51.55876377100152,0.2514008048009922,6
LO,Upper Holloway,2827.22477554669,2827.22477554669,2716.72892801065,2112.47957145991,1394.50466051002,2862.15383329942,2862.15383329942,3012.71910538541,2158.22504395185,1388.16701805203,1672067.909638557,51.56362309586845,-0.1291093626941063,2
LO,Walthamstow Central,0.0,0.0,0.0,0.0,0.0,0.0,0.0,0.0,0.0,0.0,0.0,51.58301808337606,-0.0199405450055509,3
LO,Walthamstow Queen's Road,1954.95104962558,1954.95104962558,2002.05695353801,1554.57739773435,973.295458468475,1915.87918374449,1915.87918374449,1959.29630035667,2713.87209542099,1641.75055057124,1238662.5786353897,51.58154615511213,-0.0238439433008898,3
LO,Wandsworth Road,1110.0,1277.31188584792,1320.0,874.243920316815,552.505645760357,1127.0,1252.36077975507,1285.0,833.01496283301,563.217997662634,717655.645856871,51.47022297701061,-0.1390376746285153,2
LO,Wanstead Park,1951.39269149265,2067.73618538324,2042.63384275278,1686.85121107266,1085.66635210233,1958.8749211971,2085.77120687847,2023.37223882422,1678.20069204152,1137.04519240851,1224378.6079171402,51.5517781243521,0.0263899430517846,3
LO,Wapping,2972.86591404238,3498.68931529831,3545.95551827385,3622.94222501835,2354.25186117227,2902.14719280463,3395.40736080528,3328.20709983339,3446.99591066373,2354.1207927021,2126986.381975706,51.50434022750495,-0.0558608143552396,2
LO,Watford High Street,1938.33333333333,1974.29999999999,2087.77777777777,2032.8,1341.83333333333,1823.88888888888,1902.39999999999,2038.25,2118.8,1270.14285714285,1236486.9586622517,51.65265306624417,-0.3916967203779469,8
LO,Watford Junction,2538.73580896355,2538.73580896355,2386.59446032773,2940.32482181077,2516.44275246751,2505.8159731243,2505.8159731243,2236.20938798288,2659.78137007829,2597.57122905375,1670881.9659556472,51.66388236768592,-0.3961719480238082,
LO,Wembley Central,0.0,0.0,0.0,0.0,0.0,0.0,0.0,0.0,0.0,0.0,0.0,51.55186429753856,-0.2963923219160409,4
LO,West Brompton,0.0,0.0,0.0,0.0,0.0,0.0,0.0,0.0,0.0,0.0,0.0,51.48732859696135,-0.1955388096704278,2
LO,West Croydon NR,4663.11111111111,5022.25,4886.625,4026.5,2782.66666666666,4368.11111111111,4652.625,4595.75,3592.25,2408.85714285714,2839218.3958409796,51.378552009432326,-0.1020342923026373,5
LO,West Hampstead LO,6766.67190940547,7458.71343189682,7050.43514732096,4342.03627975254,3541.99433784208,6769.81755268953,7520.70881828667,7099.06154975359,4192.09394987942,3637.15004718464,4156019.6141157816,51.54747402267271,-0.1911265834430952,2
LO,White Hart Lane,2671.52493796092,2633.16556569151,2813.05704099821,2031.03701373597,1249.16989968893,2547.1322218727,2177.70263185488,2639.71898919995,1839.50228932927,1219.11153053021,1479293.57293948,51.60503465751185,-0.0708703265356369,3
LO,Whitechapel,0.0,0.0,0.0,0.0,0.0,0.0,0.0,0.0,0.0,0.0,0.0,51.5195876908872,-0.0594204849881092,2
LO,Willesden Junction,0.0,0.0,0.0,0.0,0.0,0.0,0.0,0.0,0.0,0.0,0.0,51.53223356661704,-0.243909139837678,3
LO,Wood Street,3373.16993812218,3373.16993812218,2995.92582428279,2402.42692556634,1702.6205310533,3114.37929200454,3114.37929200454,2681.98314777336,2058.02004834353,1757.56231568575,1860651.1405045823,51.586669943466376,-0.0019538980131841,4
LO,Woodgrange Park,1476.93777451562,1533.71081052741,1543.61209724531,1223.65523749606,884.974310579847,1361.48101546025,1369.19366677152,1383.93325244536,1033.86809269162,800.041941910454,866475.6403707699,51.54905261091028,0.044572496226799,"3,4"
LO,Barking Riverside,1048.19824543007,1236.76208451295,1072.66435986159,720.002796127363,380.273321449792,953.87887775431,1110.99460580429,901.900867298791,638.915102582923,357.90430254098,617116.4602577518,51.5191121613515,0.1147694827017245,4
DLR,Abbey Road,1936.5,2039.95454545454,2040.49999999999,1545.05555555555,1160.28571428571,1934.125,2043.90909090909,2025.84999999999,1508.0,1172.78571428571,1249246.313858925,51.53195199547294,0.0037233710983363,3
DLR,All Saints,2618.49999999999,2618.79166666666,2599.6,2202.0625,1567.125,2621.66666666666,2617.79166666666,2528.2,2128.1875,1573.8125,1638762.3905868656,51.51047690641237,-0.0126248853603499,2
DLR,Bank and Monument,0.0,0.0,0.0,0.0,0.0,0.0,0.0,0.0,0.0,0.0,0.0,,,
DLR,Beckton,3207.49999999999,3315.66666666666,3328.6,2699.375,1688.25,3343.0,3492.33333333333,3363.0,2703.125,1647.625,2071330.213271924,51.51437673300682,0.0615252971597842,3
DLR,Beckton Park,765.666666666666,775.055555555555,791.428571428571,550.166666666667,369.0,808.4375,853.099999999999,826.6875,553.333333333333,412.166666666666,486581.96139874833,51.50890088618667,0.0548219390453978,3
DLR,Blackwall,1973.8125,2139.25,2031.72222222222,1570.91666666666,1389.5,2128.25,2316.49999999999,2172.22222222222,1682.99999999999,1458.8,1356747.78849712,51.50783153133504,-0.0072351658776662,2
DLR,Bow Church,5141.3125,5166.75,4747.49999999999,3754.89999999999,2837.08333333333,3247.0,3516.8,3333.5625,2736.0,2239.5,2642011.0182104693,51.52761517272713,-0.0204998991771463,2
DLR,Canary Wharf DLR,15062.3125,18255.8181818181,15809.4444444444,14306.3571428571,9878.7857142857,16335.75,19898.65,17695.6,16710.1428571428,11004.1428571428,11296640.954752091,51.50357837512887,-0.0194668401393244,2
DLR,Canning Town,0.0,0.0,0.0,0.0,0.0,0.0,0.0,0.0,0.0,0.0,0.0,51.51387030350512,0.0083056327487643,3
DLR,Crossharbour,4992.6111111111,5461.08333333333,5382.5,4622.85714285714,3254.78571428571,5048.77777777777,5380.04166666666,5169.19999999999,4381.78571428571,3137.78571428571,3346685.73600887,,,
DLR,Custom House DLR,5783.1,6340.9375,6889.375,5805.78571428571,3210.625,3980.69999999999,5934.88888888888,5266.0625,4454.92857142857,2603.125,3654788.149112859,51.50962210163043,0.0257725103052805,3
DLR,Cutty Sark,9232.9375,8679.875,9295.64285714285,10519.9999999999,7169.99999999999,10231.0,10471.7083333333,10256.0,10203.4999999999,7208.2,6426895.314711015,,,
DLR,Cyprus,4324.33333333333,3728.58333333333,3206.45,1092.25,809.875,4366.55555555555,3786.58333333333,3156.04999999999,1062.625,820.4,2021484.9988774965,51.50852668850102,0.0638407560748753,3
DLR,Deptford Bridge,3969.44444444444,4302.94444444444,4430.07142857142,4052.875,2936.25,4074.33333333333,4357.61111111111,4474.71428571428,3881.5,2866.58333333333,2768032.795060888,51.47447673839478,-0.0220524287742925,"2,3"
DLR,Devons Road,3326.05555555555,3590.63636363636,3469.5909090909,2832.8125,2077.5,3314.94444444444,3535.45454545454,3306.35,2662.0625,2088.0,2171520.904133066,51.52225844074295,-0.0180077541751607,2
DLR,East India,6020.625,6742.375,6321.31818181818,4062.0625,2807.07142857143,6514.49999999999,7301.45833333333,6757.54545454545,4063.8125,2731.92857142857,3976649.772776437,51.5086840050616,-0.0023703315489933,"2,3"
DLR,Elverson Road,2060.83333333333,2253.0909090909,2210.61111111111,1949.0,1347.5,1903.66666666666,2111.13636363636,1970.66666666666,1697.875,1310.0,1345384.076981551,51.468372165038545,-0.016816376196184,"2,3"
DLR,Gallions Reach,2484.05555555555,2661.95833333333,2661.39999999999,2216.4,1569.99999999999,2595.6111111111,2854.0,2717.89999999999,2191.79999999999,1657.99999999999,1692207.6946785625,51.50903426024889,0.0717753947300296,3
DLR,Greenwich,6835.55555555555,7544.875,7367.19999999999,7316.74999999999,5364.71428571428,6858.94444444444,7309.58333333333,7298.39999999999,7575.41666666666,5680.28571428571,4829043.019342086,51.47754764253433,-0.0148630836027375,"2,3"
DLR,Heron Quays,7632.71428571428,8189.72222222222,7266.22222222222,6609.91666666666,5219.99999999999,8188.0,9120.05555555555,8181.89999999999,7347.16666666666,5473.74999999999,5268097.264423513,51.50338653553158,-0.0219535320363096,2
DLR,Island Gardens,3373.27777777777,3592.95833333333,3604.75,3453.35714285714,2351.0,3070.61111111111,3402.75,3130.05555555555,2858.35714285714,2031.14285714285,2191259.3770559574,51.48795007358022,-0.0104933031301963,2
DLR,King George V,2504.16666666666,2529.83333333333,2574.94444444444,2146.6875,1559.8125,2617.5,2631.25,2598.49999999999,2096.8125,1596.5625,1620656.3783660578,51.502008711932824,0.0622062141092917,3
DLR,Langdon Park,5673.38888888889,6236.40909090909,6359.16666666666,5146.77777777777,3947.38888888888,5712.99999999999,6142.22727272727,6302.77777777778,5134.83333333333,3709.72222222222,3864917.257809903,51.51888391608367,-0.0152137989477048,2
DLR,Lewisham DLR,10528.5555555555,11641.0,10825.9499999999,9019.08333333333,6736.92857142857,10729.6111111111,11633.7499999999,10776.4,8898.66666666666,6590.49999999999,7030542.039872901,51.46488069551227,-0.0124327008980092,"2,3"
DLR,Limehouse DLR,9016.49999999999,10387.7916666666,9592.25,7123.5625,4714.24999999999,13087.3333333333,14883.6818181818,14100.2777777777,9627.19999999999,7077.58333333333,7334537.8578876145,51.51231210167662,-0.0393800776624937,2
DLR,London City Airport,5793.42857142857,5636.28571428571,5940.49999999999,2312.58333333333,3059.83333333333,5083.0,5151.125,5966.875,2433.16666666666,3043.28571428571,3223651.2810342903,51.503689745247414,0.0478727155835258,3
DLR,Mudchute,2257.9375,2513.65,2530.44444444444,2301.71428571428,1693.33333333333,2214.99999999999,2378.35,2282.75,2169.71428571428,1732.7,1556244.696401346,51.491236163479066,-0.0149599448810793,2
DLR,Pontoon Dock,3633.9375,4117.04166666666,4122.44444444444,6088.5,2863.92857142857,3748.6875,4185.41666666666,4049.83333333333,5276.6,2828.78571428571,2809682.3403967083,51.502216272914424,0.033325707548925,3
DLR,Poplar,1829.08431256864,1829.08431256864,1745.76730840809,1096.28217194299,1431.68263217324,1898.811622109,1898.811622109,2105.36383552022,1185.67243913703,1488.35991079383,1170603.6236493678,51.507588044837625,-0.0172754932925174,2
DLR,Prince Regent,2043.92857142857,2380.5,2584.83333333333,2262.5,1662.0,2111.35714285714,2415.99999999999,2627.83333333333,2296.0,1496.4,1537426.8170949826,51.50943460724026,0.0334885741146771,3
DLR,Pudding Mill Lane,3441.57142857142,3798.39999999999,3575.0625,4562.14285714285,4332.1875,3535.92857142857,3793.89999999999,3436.0625,4205.78571428571,4125.125,2637285.4516285514,51.534327836050565,-0.0127685119445471,"2,3"
DLR,Royal Albert,1852.71428571428,1902.0625,1949.625,2231.66666666666,1536.6,1975.92857142857,2099.5,2190.0,2376.33333333333,1383.5,1343343.2876627694,51.50849394631005,0.0451771451896413,3
DLR,Royal Victoria,4094.3125,4001.99999999999,4433.74999999999,5039.07142857143,3529.49999999999,3496.875,3534.84999999999,3830.61111111111,3940.33333333333,2775.42857142857,2625545.8571988945,51.50905526715448,0.0179654125889858,3
DLR,Shadwell DLR,7734.4375,8209.08333333333,8002.5,6279.21428571428,4948.0,7594.1875,8276.91666666666,8155.83333333333,6291.64285714285,4980.92857142857,5052962.541100072,51.511300064669385,-0.0569192069418581,2
DLR,South Quay,5778.49999999999,6894.66666666666,6209.4375,4358.59999999999,3136.5,5881.92857142857,7084.875,6084.0,4133.09999999999,3105.875,3938363.634878514,51.50086357890648,-0.0184606926650221,2
DLR,Star Lane,2243.1875,2480.29166666666,2322.25,1357.08333333333,1058.0,2424.9375,2697.875,2562.3125,1445.5,1129.16666666666,1469167.331194204,51.52060426064486,0.0041910026282406,3
DLR,Stratford,0.0,0.0,0.0,0.0,0.0,0.0,0.0,0.0,0.0,0.0,0.0,51.54169257587399,-0.0037516410271907,3
DLR,Stratford High Street,1878.125,1950.7,1832.55555555555,1273.14285714285,983.999999999999,2006.8125,2061.45833333333,1984.61111111111,1315.35714285714,1022.83333333333,1188637.9484326907,51.5381489524464,-0.0010803560037945,3
DLR,Stratford International DLR,5842.375,6420.75,6545.75,5897.35714285714,4498.85714285714,5254.5625,5684.79166666666,5791.0,5314.99999999999,4085.71428571428,3885641.876563153,51.5448085230875,-0.0087784340129179,3
DLR,Tower Gateway,4306.28571428571,4988.70833333333,4650.9375,4080.16666666666,3190.0,4343.0,5105.36363636363,5019.0625,4476.58333333333,3638.41666666666,3125555.009837412,51.51039252305748,-0.0744098769115334,1
DLR,West Ham,0.0,0.0,0.0,0.0,0.0,0.0,0.0,0.0,0.0,0.0,0.0,51.528525530726974,0.0053173938327879,3
DLR,West India Quay,3722.1875,4389.0,4558.74999999999,4666.2,3860.125,3465.1875,4097.9,4153.21428571428,4209.14285714285,3341.25,2805611.6818416473,51.50676262660098,-0.0205824471280816,2
DLR,West Silvertown,3400.0,3757.16666666666,3691.77777777777,3201.5,2228.14285714285,3271.375,3459.5,3401.6111111111,2901.0625,1876.42857142857,2228491.5763279707,51.50288447390751,0.0222460466810224,3
DLR,Westferry,6019.5,6715.70833333333,6602.11111111111,5556.0625,4352.91666666666,6113.375,6704.54166666666,6409.27777777777,5477.28571428571,4581.83333333333,4170218.037137745,51.50963810743974,-0.0263231371017838,2
DLR,Woolwich Arsenal,11017.6875,10862.7083333333,11560.9444444444,10054.6428571428,13388.1666666666,11291.9375,11218.0833333333,11815.7777777777,10479.4285714285,12394.5,7729811.60758807,51.48990723258589,0.0691939066943665,4
EZL,Abbey Wood,14590.8333333333,17412.2222222222,15076.7142857142,12117.3333333333,7379.2,18401.0,22071.1111111111,18521.7142857142,14886.3333333333,10696.8,10030892.22553037,51.49078429543708,0.1202719706406512,4
EZL,Acton Main Line,1774.98165041417,3077.35661109363,1906.08507217503,1642.28793121526,848.275138932578,1794.90405787983,3140.22578728461,1766.27870399496,1363.11208975568,897.906399636503,1335879.6228839671,51.516886495162936,-0.2676899480142479,3
EZL,Bond Street,0.0,0.0,0.0,0.0,0.0,0.0,0.0,0.0,0.0,0.0,0.0,51.513797282327445,-0.1496136085316461,1
EZL,Brentwood,3695.19881630608,4496.06794589493,3656.7354214413,2432.63080633322,1328.09059452658,3516.36317034241,4228.58341197441,3472.19101544361,2253.32913914228,1321.37988885393,2085768.5872999963,51.613610829903095,0.2996728214582176,9
EZL,Burnham,2197.13492931502,2783.0,2565.0,1815.0,1033.0,2079.85490789805,2607.0,2211.0,1626.0,1005.0,1338295.0059052403,51.52350398967751,-0.6463882083350451,
EZL,Canary Wharf EZL,17122.7849428541,25525.4272832127,19056.3070147845,15293.4186152179,9918.73754849533,17623.8160148194,25296.3195973576,19115.9577318746,16474.432910419,10776.44961728,12111314.236641329,51.50357837512887,-0.0194668401393244,2
EZL,Chadwell Heath,6433.77255834003,7079.89933941491,6634.62770729207,4967.80958372654,3017.19618328615,6243.75240292195,6800.67107056726,6295.61182761874,4464.08723917374,2989.93394149103,3604379.089461958,51.56804709196961,0.1289011125681798,5
EZL,Custom House EZL,8554.32276367549,12055.7155745083,11158.8331158901,11661.8366222232,5728.04464319974,8528.48629577716,11542.9003424466,10871.4549351591,11686.5258956894,5548.03798236385,6300188.198081745,51.50962210163043,0.0257725103052805,3
EZL,Ealing Broadway,0.0,0.0,0.0,0.0,0.0,0.0,0.0,0.0,0.0,0.0,0.0,51.51486148277942,-0.3020103761336258,3
EZL,Farringdon,0.0,0.0,0.0,0.0,0.0,0.0,0.0,0.0,0.0,0.0,0.0,51.52019551919777,-0.1048430613167642,1
EZL,Forest Gate,6718.23274764451,8169.70162990924,7125.18162345152,5861.38198594946,4093.11104120792,6824.28586407825,8073.71290762294,6959.51107715813,5552.27010590332,4142.3927859914,4184913.372313553,51.54931616108423,0.0241890915432563,3
EZL,Gidea Park,4040.95359373808,4945.29675796611,4071.535670571,2969.27755059242,1738.70189787144,3808.59145303879,4618.08795420751,3724.88295629744,2633.32284785571,1798.04970116388,2330987.488480984,51.581866086649704,0.2059769831264667,6
EZL,Goodmayes,5903.67341232393,6485.15139864621,5921.49872426689,4274.50980392156,2828.68227504905,5851.2460242564,6405.26370976198,5751.75049223492,4002.72622417951,2799.77231534325,3313050.79718039,51.566181168031925,0.1117296550287497,4
EZL,Hanwell,2700.52701336574,2700.52701336574,2102.3041669009,1647.50931980675,1010.90725986626,2265.567992662,2265.567992662,1893.55883905371,1381.14714352099,1047.95681400344,1261828.5531199428,51.512185406676046,-0.3380518777863309,4
EZL,Harold Wood,4720.09600037281,5443.47745039786,4618.85288874908,3329.55856139247,1776.58942364824,4626.54223899898,5271.57387018978,4405.54831558291,3018.97871448044,1641.32676243402,2627711.2875477113,51.59320260393047,0.2342040766583728,6
EZL,Hayes & Harlington,8853.65928624526,9972.0,10088.0,8770.0,5735.0,8806.50361987641,9965.0,10895.0,8522.0,5646.0,5541453.441104005,51.50304838798409,-0.4206418932877566,5
EZL,Heathrow Terminal 4 EZL,2130.33333333333,3009.83333333333,3018.19999999999,2834.6,2802.85714285714,1768.25,3435.4,2723.8,2804.8,2702.42857142857,1748866.858245995,51.459779698532394,-0.4477295782660727,6
EZL,Heathrow Terminal 5 EZL,2611.5,3054.44444444444,2449.33333333333,2619.75,2086.66666666666,2690.0,3542.88888888888,2764.99999999999,2292.25,1823.66666666666,1705677.935140416,51.470024624464,-0.4906474891242473,6
EZL,Heathrow Terminals 2 & 3 EZL,10005.2895377965,10005.2895377965,8618.49487081617,7671.88137904579,7771.14129212547,9168.09472382654,9168.09472382654,8165.69361646082,6636.77326055344,5215.92923323672,5264496.105074787,51.471288661913334,-0.4524072136493198,6
EZL,Ilford,11645.6374587862,12874.1742686379,11810.4924679319,10092.2722029988,6944.18230750411,12149.1733948481,13479.5474933883,12057.7749816504,9858.44605221768,7045.61182761874,7003351.955120278,51.55914235666761,0.0686851911807607,4
EZL,Iver,476.365553925165,618.0,597.0,430.0,281.0,442.822386808273,562.0,513.0,357.0,261.0,300690.94934327947,51.50850130163604,-0.5067404189391109,
EZL,Langley,1565.0,2001.46402103753,1841.0,1343.0,797.0,1622.0,2094.80101884869,1812.0,1281.0,805.0,1018031.9203511422,51.50806077346535,-0.541770556061928,
EZL,Liverpool Street LU,0.0,0.0,0.0,0.0,0.0,0.0,0.0,0.0,0.0,0.0,0.0,51.51759813225402,-0.0822496218888544,1
EZL,Liverpool Street NR,0.0,0.0,0.0,0.0,0.0,0.0,0.0,0.0,0.0,0.0,0.0,51.51759813225402,-0.0822496218888544,1
EZL,Maidenhead,3958.99748472871,5805.0,5241.0,3376.0,2805.0,4512.36959143675,6694.0,5525.0,2375.0,2898.0,2972320.4131953814,51.51866742695413,-0.7226749105747798,
EZL,Manor Park,4743.45531438957,5626.39078210012,4912.89563953924,3934.41333752752,2770.26318548809,4760.58159449162,5554.47205620216,4867.18395022893,3616.96550277865,2793.3312362378,2874387.594587276,51.55285442759388,0.045723870186973,"3,4"
EZL,Maryland,3855.18359703389,4913.61131499539,4127.66096733801,2944.58425081262,2133.38900622637,3712.53511255332,4616.33637412184,3729.45692438195,2585.19450560973,2188.14441997833,2348010.2841846314,51.54566828299751,0.0056816541842525,3
EZL,Paddington NR,0.0,0.0,0.0,0.0,0.0,0.0,0.0,0.0,0.0,0.0,0.0,51.51539350022652,-0.1757367502657722,1
EZL,Paddington TfL,0.0,0.0,0.0,0.0,0.0,0.0,0.0,0.0,0.0,0.0,0.0,,,
EZL,Reading,3238.66666666666,3879.3,3593.66666666666,2240.5,2528.25,4322.16666666666,5008.69999999999,4605.11111111111,3623.75,3376.25,2362236.669927733,51.458784566812625,-0.9718776209963323,
EZL,Romford,14772.9106581261,14772.9106581261,14609.7135611868,13107.1222834432,6962.51255908706,17121.5503628566,17121.5503628566,16667.1540448981,14164.2137653709,7753.4390673819,8754671.803089928,51.57464189428389,0.1830552742758095,6
EZL,Seven Kings,6112.17186163086,6112.17186163086,5860.41115896755,4230.23264055078,2850.3696184881,5523.78705234403,5523.78705234403,5141.54116465615,3673.70014073549,2737.81429444327,3096531.317967168,51.56399351215581,0.0963195752913868,4
EZL,Shenfield,3794.57142857142,4187.69999999999,3363.0,2762.4,1374.79999999999,4694.57142857143,5410.88888888888,4294.5,3502.59999999999,1949.79999999999,2377041.8918982944,51.630873639892386,0.3299522707653062,
EZL,Slough,4799.63341047078,6257.0,5136.0,5064.0,2997.0,4209.68291598755,5386.0,4664.0,3973.0,2551.0,2978202.8302203105,51.51187888370566,-0.5915248252758044,
EZL,Southall,5500.55326314231,5500.55326314231,5357.10915382196,4372.15656316002,2944.69959106637,5312.6584386507,5312.6584386507,4996.63809374017,3891.31802453601,2674.26863793645,2941836.7173361084,51.50595629378949,-0.3787111814415624,4
EZL,Stratford,0.0,0.0,0.0,0.0,0.0,0.0,0.0,0.0,0.0,0.0,0.0,51.54169257587399,-0.0037516410271907,3
EZL,Taplow,589.515299214729,888.0,668.0,595.0,375.0,574.175035868004,810.0,562.0,512.0,401.0,408466.94770660816,51.52356084157688,-0.6813848514102004,
EZL,Tottenham Court Road,0.0,0.0,0.0,0.0,0.0,0.0,0.0,0.0,0.0,0.0,0.0,51.516210657936185,-0.1311104379402324,1
EZL,Twyford,2009.96036284519,3390.0,2451.0,1959.2514478,1074.0,2096.96538421569,3471.0,2588.0,1719.02252160245,1270.0,1558389.2864713047,51.47553252815794,-0.8633069929836112,
EZL,West Drayton,3431.00123975352,3431.00123975352,3404.70702622322,2780.96885813149,1592.76502044668,3015.24711803563,3015.24711803563,2839.21473304927,2196.99591066373,1457.14061025479,1746069.1112156548,51.510070447632664,-0.4721760838505147,6
EZL,West Ealing,3704.62655318875,3704.62655318875,2970.99418336573,2502.52339877815,1201.14440913327,3689.4815429059,3689.4815429059,2886.43650335318,2194.15105403063,1321.42680840674,1859242.437303612,51.513624683972374,-0.3197829486921899,3
EZL,Whitechapel,0.0,0.0,0.0,0.0,0.0,0.0,0.0,0.0,0.0,0.0,0.0,51.5195876908872,-0.0594204849881092,2
EZL,Woolwich EZL,13627.6257383523,17210.0241165985,16285.9273239896,14266.1913250148,9583.72653874384,13291.5661808395,16852.8887490825,14948.9124229608,12811.5060641012,9647.68795218622,9007923.698091784,51.4915784950453,0.0718193785262893,4
