datum,ritten_ruw,weg_te_kort,weg_te_lang,weg_geen_duur,ritten,gem_duur_min
2022-01-01,22487,0,23,0,22464,28.25
2022-01-02,16494,0,20,0,16474,22.77
2022-01-03,18828,0,1,0,18827,20.77
2022-01-04,15116,0,0,0,15116,14.95
2022-01-05,20267,0,16,0,20251,15.62
2022-01-06,17802,0,5,0,17797,14.39
2022-01-07,19597,0,10,0,19587,15.07
2022-01-08,12068,0,7,0,12061,16.21
2022-01-09,21646,0,9,0,21637,20.32
2022-01-10,21920,0,0,0,21920,14.69
2022-01-11,21083,0,0,0,21083,13.77
2022-01-12,25962,0,3,0,25959,15.13
2022-01-13,26186,0,5,0,26181,15.5
2022-01-14,25865,0,9,0,25856,15.82
2022-01-15,26125,0,9,0,26116,19.12
2022-01-16,23954,0,16,0,23938,19.95
2022-01-17,25450,0,1,0,25449,15.26
2022-01-18,26662,0,0,0,26662,14.12
2022-01-19,27367,0,10,0,27357,14.85
2022-01-20,26994,0,8,0,26986,14.71
2022-01-21,25008,0,8,0,25000,15.29
2022-01-22,27750,0,14,0,27736,19.59
2022-01-23,23535,0,6,0,23529,18.97
2022-01-24,24896,0,1,0,24895,14.62
2022-01-25,26887,0,0,0,26887,14.05
2022-01-26,28851,0,10,0,28841,14.91
2022-01-27,29499,0,10,0,29489,15.41
2022-01-28,27970,0,13,0,27957,15.83
2022-01-29,31779,0,10,0,31769,20.91
2022-01-30,27213,0,6,0,27207,20.98
2022-01-31,26614,0,1,0,26613,15.11
2022-02-01,32035,0,0,0,32035,15.2
2022-02-02,32730,0,12,0,32718,15.59
2022-02-03,32267,0,10,0,32257,15.1
2022-02-04,24034,0,10,0,24024,14.99
2022-02-05,28909,0,18,0,28891,20.04
2022-02-06,20736,0,11,0,20725,18.54
2022-02-07,28005,0,1,0,28004,15.57
2022-02-08,31972,0,0,0,31972,15.23
2022-02-09,32206,0,8,0,32198,15.22
2022-02-10,32338,0,10,0,32328,15.8
2022-02-11,29431,0,16,0,29415,16.11
2022-02-12,28500,0,19,0,28481,20.32
2022-02-13,13231,0,2,0,13229,17.96
2022-02-14,23700,0,5,0,23695,17.39
2022-02-15,21944,0,0,0,21944,15.06
2022-02-16,25820,0,16,0,25804,16.3
2022-02-17,29432,0,11,0,29421,16.89
2022-02-18,14352,0,8,0,14344,14.73
2022-02-19,16759,0,8,0,16751,16.82
2022-02-20,15323,0,10,0,15313,17.5
2022-02-21,22758,0,3,0,22755,14.74
2022-02-22,29683,0,0,0,29683,15.34
2022-02-23,32007,0,7,0,32000,15.87
2022-02-24,25084,0,13,0,25071,14.98
2022-02-25,30950,0,11,0,30939,17.01
2022-02-26,33628,0,13,0,33615,22.9
2022-02-27,29454,0,11,0,29443,23.15
2022-02-28,26293,0,4,0,26289,15.96
2022-03-01,37193,0,0,0,37193,21.29
2022-03-02,28098,0,5,0,28093,16.18
2022-03-03,55978,0,25,0,55953,22.16
2022-03-04,30791,0,15,0,30776,16.41
2022-03-05,24003,0,15,0,23988,18.78
2022-03-06,24409,0,2,0,24407,20.54
2022-03-07,27966,0,2,0,27964,15.82
2022-03-08,33849,0,0,0,33849,15.95
2022-03-09,34335,0,12,0,34323,16.39
2022-03-10,36818,0,20,0,36798,16.91
2022-03-11,25113,0,12,0,25101,15.54
2022-03-12,34418,0,19,0,34399,21.98
2022-03-13,22760,0,3,0,22757,20.11
2022-03-14,30870,0,5,0,30865,16.54
2022-03-15,36446,0,0,0,36446,16.71
2022-03-16,23556,0,6,0,23550,14.96
2022-03-17,36945,0,13,0,36932,18.49
2022-03-18,37267,0,17,0,37250,18.73
2022-03-19,38993,0,20,0,38973,24.6
2022-03-20,31416,0,9,0,31407,23.6
2022-03-21,33656,0,5,0,33651,17.91
2022-03-22,39222,0,0,0,39222,17.73
2022-03-23,40973,0,14,0,40959,18.3
2022-03-24,40202,0,9,0,40193,18.11
2022-03-25,40133,0,21,0,40112,19.11
2022-03-26,50367,0,28,0,50339,25.67
2022-03-27,28638,0,7,0,28631,22.07
2022-03-28,32433,0,3,0,32430,17.21
2022-03-29,32317,0,0,0,32317,15.47
2022-03-30,31022,0,3,0,31019,15.4
2022-03-31,27182,0,9,0,27173,14.46
2022-04-01,25422,0,12,0,25410,16.27
2022-04-02,26320,0,13,0,26307,20.28
2022-04-03,25863,0,17,0,25846,21.87
2022-04-04,21068,0,4,0,21064,16.28
2022-04-05,31705,0,0,0,31705,16.45
2022-04-06,25175,0,14,0,25161,15.51
2022-04-07,29085,0,11,0,29074,16.25
2022-04-08,28793,0,21,0,28772,17.87
2022-04-09,33287,0,23,0,33264,23.33
2022-04-10,32220,0,7,0,32213,23.84
2022-04-11,33133,0,8,0,33125,19.48
2022-04-12,35013,0,0,0,35013,17.87
2022-04-13,36738,0,16,0,36722,19.33
2022-04-14,38259,0,8,0,38251,20.39
2022-04-15,43511,0,24,0,43487,27.44
2022-04-16,42496,0,27,0,42469,28.51
2022-04-17,36962,0,11,0,36951,29.72
2022-04-18,35447,0,2,0,35445,27.04
2022-04-19,33212,0,0,0,33212,17.51
2022-04-20,41001,0,18,0,40983,21.01
2022-04-21,40720,0,13,0,40707,18.83
2022-04-22,33900,0,11,0,33889,17.97
2022-04-23,37358,0,10,0,37348,22.73
2022-04-24,38544,0,14,0,38530,24.65
2022-04-25,31783,0,0,0,31783,16.33
2022-04-26,37954,0,0,0,37954,16.84
2022-04-27,35712,0,10,0,35702,16.66
2022-04-28,36859,0,9,0,36850,17.08
2022-04-29,32236,0,10,0,32226,17.26
2022-04-30,42691,0,15,0,42676,24.93
2022-05-01,29444,0,14,0,29430,22.64
2022-05-02,35983,0,6,0,35977,24.59
2022-05-03,37232,0,0,0,37232,17.41
2022-05-04,34264,0,9,0,34255,16.84
2022-05-05,42168,0,18,0,42150,18.94
2022-05-06,41458,0,13,0,41445,19.5
2022-05-07,41300,0,24,0,41276,23.3
2022-05-08,43913,0,10,0,43903,26.1
2022-05-09,37556,0,3,0,37553,18.42
2022-05-10,38988,0,0,0,38988,16.51
2022-05-11,31418,0,4,0,31414,15.67
2022-05-12,40718,0,11,0,40707,16.85
2022-05-13,40806,0,18,0,40788,18.24
2022-05-14,53418,0,17,0,53401,25.57
2022-05-15,22732,0,9,0,22723,20.48
2022-05-16,36410,0,0,0,36410,17.39
2022-05-17,45107,0,0,0,45107,18.35
2022-05-18,43930,0,18,0,43912,17.81
2022-05-19,43594,0,15,0,43579,18.16
2022-05-20,31057,0,11,0,31046,17.08
2022-05-21,45809,0,18,0,45791,24.17
2022-05-22,45421,0,16,0,45405,26.13
2022-05-23,34742,0,4,0,34738,16.91
2022-05-24,32852,0,0,0,32852,15.79
2022-05-25,37194,0,6,0,37188,16.79
2022-05-26,40232,0,8,0,40224,17.55
2022-05-27,43819,0,14,0,43805,20.0
2022-05-28,41648,0,15,0,41633,23.15
2022-05-29,38079,0,9,0,38070,27.39
2022-05-30,29837,0,1,0,29836,17.49
2022-05-31,29461,0,0,0,29461,16.2
2022-06-01,37780,0,18,0,37762,19.36
2022-06-02,44864,0,25,0,44839,26.31
2022-06-03,40170,0,21,0,40149,26.38
2022-06-04,34415,0,29,0,34386,24.79
2022-06-05,23193,0,5,0,23188,21.71
2022-06-06,43055,0,1,0,43054,21.48
2022-06-07,41146,0,0,0,41146,18.21
2022-06-08,40733,0,18,0,40715,17.96
2022-06-09,39755,0,11,0,39744,17.09
2022-06-10,40901,0,14,0,40887,19.08
2022-06-11,45539,0,15,0,45524,25.6
2022-06-12,40294,0,7,0,40287,24.85
2022-06-13,40577,0,7,0,40570,18.44
2022-06-14,45826,0,0,0,45826,18.16
2022-06-15,47235,0,20,0,47215,19.05
2022-06-16,47479,0,18,0,47461,19.13
2022-06-17,48821,0,21,0,48800,21.11
2022-06-18,35017,0,21,0,34996,22.07
2022-06-19,31809,0,13,0,31796,22.52
2022-06-20,42719,0,8,0,42711,19.88
2022-06-21,64194,0,0,0,64194,24.9
2022-06-22,53917,0,28,0,53889,22.09
2022-06-23,43364,0,22,0,43342,20.7
2022-06-24,42805,0,17,0,42788,20.62
2022-06-25,47039,0,17,0,47022,25.43
2022-06-26,42296,0,10,0,42286,25.05
2022-06-27,36977,0,6,0,36971,18.28
2022-06-28,44234,0,0,0,44234,18.12
2022-06-29,41327,0,11,0,41316,17.53
2022-06-30,41220,0,12,0,41208,18.0
2022-07-01,40956,0,22,0,40934,19.09
2022-07-02,41913,0,24,0,41889,23.5
2022-07-03,38333,0,7,0,38326,24.26
2022-07-04,41764,0,8,0,41756,19.67
2022-07-05,44143,0,0,0,44143,18.08
2022-07-06,45048,0,16,0,45032,18.92
2022-07-07,45680,0,16,0,45664,18.92
2022-07-08,44339,0,16,0,44323,20.34
2022-07-09,46587,0,21,0,46566,24.72
2022-07-10,43720,0,18,0,43702,26.0
2022-07-11,42349,0,7,0,42342,20.57
2022-07-12,44421,0,0,0,44421,18.41
2022-07-13,46348,0,19,0,46329,18.97
2022-07-14,45854,0,8,0,45846,19.17
2022-07-15,44596,0,17,0,44579,20.43
2022-07-16,47720,0,21,0,47699,24.48
2022-07-17,40372,0,13,0,40359,24.77
2022-07-18,38399,0,2,0,38397,19.55
2022-07-19,36332,0,0,0,36332,18.36
2022-07-20,41735,0,11,0,41724,18.62
2022-07-21,41104,0,14,0,41090,18.59
2022-07-22,39100,0,19,0,39081,19.72
2022-07-23,43073,0,17,0,43056,24.04
2022-07-24,39787,0,17,0,39770,25.36
2022-07-25,37813,0,5,0,37808,19.07
2022-07-26,40752,0,0,0,40752,18.07
2022-07-27,38990,0,20,0,38970,19.57
2022-07-28,42774,0,5,0,42769,19.29
2022-07-29,41251,0,7,0,41244,20.02
2022-07-30,42350,0,19,0,42331,23.2
2022-07-31,35773,0,13,0,35760,23.09
2022-08-01,39157,0,4,0,39153,19.99
2022-08-02,43345,0,0,0,43345,18.56
2022-08-03,43407,0,21,0,43386,19.51
2022-08-04,42880,0,12,0,42868,19.34
2022-08-05,41113,0,13,0,41100,20.2
2022-08-06,43145,0,17,0,43128,23.72
2022-08-07,39921,0,18,0,39903,24.93
2022-08-08,41306,0,5,0,41301,20.01
2022-08-09,43854,0,0,0,43854,18.61
2022-08-10,44206,0,18,0,44188,19.48
2022-08-11,42833,0,18,0,42815,19.6
2022-08-12,39775,0,24,0,39751,19.98
2022-08-13,41718,0,18,0,41700,23.63
2022-08-14,37921,0,13,0,37908,24.32
2022-08-15,37449,0,3,0,37446,19.22
2022-08-16,35923,0,0,0,35923,17.51
2022-08-17,31872,0,15,0,31857,17.3
2022-08-18,40730,0,14,0,40716,20.4
2022-08-19,66409,0,34,0,66375,25.43
2022-08-20,47613,0,20,0,47593,24.69
2022-08-21,39476,0,19,0,39457,24.46
2022-08-22,37791,0,1,0,37790,18.94
2022-08-23,40967,0,0,0,40967,18.62
2022-08-24,42619,0,15,0,42604,18.63
2022-08-25,24560,0,12,0,24548,18.11
2022-08-26,36368,0,14,0,36354,19.91
2022-08-27,36749,0,15,0,36734,23.92
2022-08-28,35696,0,14,0,35682,25.06
2022-08-29,33973,0,7,0,33966,24.04
2022-08-30,36485,0,0,0,36485,17.88
2022-08-31,39777,0,12,0,39765,17.74
2022-09-01,37513,0,13,0,37500,17.63
2022-09-02,35804,0,20,0,35784,18.19
2022-09-03,37716,0,19,0,37697,21.51
2022-09-04,33579,0,10,0,33569,22.01
2022-09-05,35286,0,0,0,35286,16.94
2022-09-06,33926,0,0,0,33926,15.38
2022-09-07,36211,0,8,0,36203,16.24
2022-09-08,27636,0,7,0,27629,16.14
2022-09-09,29595,0,10,0,29585,17.26
2022-09-10,4,0,0,0,4,13.75
2022-09-11,7,0,0,0,7,35.71
2022-09-12,22301,269,17,0,22015,17.76
2022-09-13,22813,194,14,0,22605,16.19
2022-09-14,30369,221,27,0,30121,17.94
2022-09-15,29109,180,23,0,28906,17.52
2022-09-16,26449,190,25,0,26234,17.88
2022-09-17,24696,160,38,0,24498,23.35
2022-09-18,22756,151,43,0,22562,24.06
2022-09-19,23133,175,43,0,22915,28.08
2022-09-20,29607,211,17,0,29379,16.8
2022-09-21,31058,192,17,0,30849,16.44
2022-09-22,31287,181,22,0,31084,16.74
2022-09-23,24804,135,28,0,24641,16.96
2022-09-24,25192,160,47,0,24985,22.07
2022-09-25,21353,139,20,0,21194,21.4
2022-09-26,22371,148,10,0,22213,14.77
2022-09-27,25657,163,11,0,25483,15.2
2022-09-28,29369,242,12,0,29115,15.74
2022-09-29,28221,173,7,0,28041,16.01
2022-09-30,18590,130,9,0,18451,15.46
2022-10-01,26790,163,34,0,26593,21.74
2022-10-02,22303,136,31,0,22136,22.1
2022-10-03,28646,244,12,0,28390,16.77
2022-10-04,31267,159,11,0,31097,16.25
2022-10-05,27360,174,10,0,27176,16.0
2022-10-06,32911,195,14,0,32702,16.99
2022-10-07,27980,169,24,0,27787,17.23
2022-10-08,30797,243,47,0,30507,24.06
2022-10-09,25556,199,26,0,25331,22.5
2022-10-10,25998,200,15,0,25783,16.47
2022-10-11,32976,213,19,0,32744,16.6
2022-10-12,28033,177,10,0,27846,16.4
2022-10-13,31349,214,22,0,31113,16.42
2022-10-14,27912,183,11,0,27718,16.52
2022-10-15,25931,167,25,0,25739,21.19
2022-10-16,22729,120,19,0,22590,22.79
2022-10-17,27845,155,21,0,27669,16.7
2022-10-18,32134,176,19,0,31939,16.68
2022-10-19,31698,177,18,0,31503,16.33
2022-10-20,25206,152,8,0,25046,16.01
2022-10-21,25056,157,15,0,24884,16.3
2022-10-22,27589,168,31,0,27390,22.12
2022-10-23,14569,115,16,0,14438,19.37
2022-10-24,26833,186,16,0,26631,17.2
2022-10-25,31333,220,21,0,31092,17.68
2022-10-26,31946,196,14,0,31736,17.3
2022-10-27,31909,201,16,0,31692,17.82
2022-10-28,30035,197,21,0,29817,17.98
2022-10-29,29600,200,33,0,29367,22.24
2022-10-30,20948,178,22,0,20748,20.65
2022-10-31,26425,168,18,0,26239,16.77
2022-11-01,24798,160,6,0,24632,14.68
2022-11-02,27433,180,14,0,27239,15.81
2022-11-03,22523,113,7,0,22403,15.05
2022-11-04,26904,210,17,0,26677,16.99
2022-11-05,16002,87,29,0,15886,19.04
2022-11-06,12356,98,12,0,12246,17.68
2022-11-07,21568,182,12,0,21374,15.23
2022-11-08,24740,173,14,0,24553,15.22
2022-11-09,28390,199,11,0,28180,16.0
2022-11-10,44491,257,32,0,44202,21.27
2022-11-11,30372,191,21,0,30160,17.73
2022-11-12,27142,190,38,0,26914,22.4
2022-11-13,21247,135,17,0,21095,22.19
2022-11-14,27202,159,17,0,27026,15.99
2022-11-15,22329,129,7,0,22193,15.08
2022-11-16,19717,114,8,0,19595,14.7
2022-11-17,23617,147,13,0,23457,14.87
2022-11-18,26362,162,8,0,26192,16.49
2022-11-19,22206,171,20,0,22015,19.64
2022-11-20,16477,113,26,0,16338,18.55
2022-11-21,19945,160,8,0,19777,14.56
2022-11-22,27334,193,14,0,27127,15.65
2022-11-23,24203,145,6,0,24052,15.11
2022-11-24,25117,138,7,0,24972,15.07
2022-11-25,26813,186,24,0,26603,16.32
2022-11-26,22170,170,35,0,21965,19.37
2022-11-27,12963,86,13,0,12864,17.87
2022-11-28,24243,196,10,0,24037,15.82
2022-11-29,26993,174,11,0,26808,15.25
2022-11-30,27803,178,11,0,27614,15.28
2022-12-01,27290,155,12,0,27123,15.55
2022-12-02,23483,136,12,0,23335,15.7
2022-12-03,19083,132,18,0,18933,17.91
2022-12-04,14468,101,13,0,14354,17.02
2022-12-05,23305,172,8,0,23125,14.73
2022-12-06,25799,174,12,0,25613,15.7
2022-12-07,24522,132,8,0,24382,15.06
2022-12-08,22615,145,11,0,22459,14.93
2022-12-09,21436,135,13,0,21288,15.94
2022-12-10,16736,117,16,0,16603,18.04
2022-12-11,9815,62,12,0,9741,16.42
2022-12-12,13323,87,4,0,13232,14.74
2022-12-13,16502,123,4,0,16375,14.54
2022-12-14,16562,85,11,0,16466,14.44
2022-12-15,17133,123,11,0,16999,14.8
2022-12-16,15533,96,15,0,15422,15.55
2022-12-17,13000,87,16,0,12897,17.3
2022-12-18,5848,62,7,0,5779,15.48
2022-12-19,13190,96,11,0,13083,15.59
2022-12-20,18168,134,16,0,18018,16.49
2022-12-21,16640,114,14,0,16512,16.22
2022-12-22,13628,72,13,0,13543,16.99
2022-12-23,9256,66,15,0,9175,16.97
2022-12-24,8275,64,17,0,8194,21.64
2022-12-25,16248,111,54,0,16083,43.88
2022-12-26,7280,65,13,0,7202,27.81
2022-12-27,6991,58,18,0,6915,21.77
2022-12-28,6450,51,4,0,6395,16.65
2022-12-29,11251,86,11,0,11154,20.86
2022-12-30,9309,55,9,0,9245,19.31
2022-12-31,7622,73,29,0,7520,22.49
