bestand,layout,rijen_bestand,rijen_in_2022,rijen_schoon
298JourneyDataExtract29Dec2021-04Jan2022.csv,oud,128938,72925,72881
299JourneyDataExtract05Jan2022-11Jan2022.csv,oud,134383,134383,134336
300JourneyDataExtract12Jan2022-18Jan2022.csv,oud,180204,180204,180161
301JourneyDataExtract19Jan2022-25Jan2022.csv,oud,182437,182437,182390
302JourneyDataExtract26Jan2022-01Feb2022.csv,oud,203961,203961,203911
303JourneyDataExtract02Feb2022-08Feb2022.csv,oud,198653,198653,198591
304JourneyDataExtract09Feb2022-15Feb2022.csv,oud,181350,181350,181290
305JourneyDataExtract16Feb2022-22Feb2022.csv,oud,154127,154127,154071
306JourneyDataExtract23Feb2022-01Mar2022.csv,oud,214609,214609,214550
307JourneyDataExtract02Mar2022-08Mar2022.csv,oud,225094,225094,225030
308JourneyDataExtract09Mar2022-15Mar2022.csv,oud,220760,220760,220689
309JourneyDataExtract16Mar2022-22Mar2022.csv,oud,241055,241055,240985
310JourneyDataExtract23Mar2022-29Mar2022.csv,oud,265063,265063,264981
311JourneyDataExtract30Mar2022-05Apr2022.csv,oud,188582,188582,188524
312JourneyDataExtract06Apr2022-12Apr2022.csv,oud,216706,216706,216622
313JourneyDataExtract13Apr2022-19Apr2022.csv,oud,266625,266625,266537
314JourneyDataExtract20Apr2022-26Apr2022.csv,oud,261260,261260,261194
315JourneyDataExtract27Apr2022-03May2022.csv,oud,250157,250157,250093
316JourneyDataExtract04May2022-10May2022.csv,oud,279647,279647,279570
317JourneyDataExtract11May2022-17May2022.csv,oud,270609,270609,270550
318JourneyDataExtract18May2022-24May2022.csv,oud,277405,277405,277323
319JourneyDataExtract25May2022-31May2022.csv,oud,260270,260270,260217
320JourneyDataExtract01Jun2022-07Jun2022.csv,oud,264623,264623,264524
321JourneyDataExtract08Jun2022-14Jun2022.csv,oud,293625,293625,293553
322JourneyDataExtract15Jun2022-21Jun2022.csv,oud,317274,317274,317173
323JourneyDataExtract22Jun2022-28Jun2022.csv,oud,310632,310632,310532
324JourneyDataExtract29Jun2022-05Jul2022.csv,oud,289656,289656,289572
325JourneyDataExtract06Jul2022-12Jul2022.csv,oud,312144,312144,312050
326JourneyDataExtract13Jul2022-19Jul2022.csv,oud,299621,299621,299541
327JourneyDataExtract20Jul2022-26Jul2022.csv,oud,283364,283364,283281
328JourneyDataExtract27Jul2022-02Aug2022.csv,oud,283640,283640,283572
329JourneyDataExtract03Aug2022-09Aug2022.csv,oud,295626,295626,295540
330JourneyDataExtract10Aug2022-16Aug2022.csv,oud,279825,279825,279731
331JourneyDataExtract17Aug2022-23Aug2022.csv,oud,304858,304858,304755
332JourneyDataExtract24Aug2022-30Aug2022.csv,oud,246450,246450,246373
333JourneyDataExtract31Aug2022-06Sep2022.csv,oud,253601,253601,253527
334JourneyDataExtract07Sep2022-11Sep2022.csv,oud,93453,93453,93428
335JourneyDataExtract12Sep2022-18Sep2022.csv,nieuw,178494,178494,176942
336JourneyDataExtract19Sep2022-25Sep2022.csv,nieuw,186434,186434,185047
337JourneyDataExtract26Sep2022-02Oct2022.csv,nieuw,173300,173300,172031
338JourneyDataExtract03Oct2022-09Oct2022.csv,nieuw,204517,204517,202990
339JourneyDataExtract10Oct2022-16Oct2022.csv,nieuw,194928,194928,193533
340JourneyDataExtract17Oct2022-23Oct2022.csv,nieuw,184097,184097,182869
341JourneyDataExtract24Oct2022-30Oct2022.csv,nieuw,202605,202605,201084
342JourneyDataExtract31Oct2022-06Nov2022.csv,nieuw,156440,156440,155321
343JourneyDataExtract07Nov2022-13Nov2022.csv,nieuw,197950,197950,196478
344JourneyDataExtract14Nov2022-20Nov2022.csv,nieuw,157910,157910,156816
345JourneyDataExtract21Nov2022-27Nov2022.csv,nieuw,158545,158545,157360
346JourneyDataExtract28Nov2022-04Dec2022.csv,nieuw,163363,163363,162204
347JourneyDataExtract05Dec2022-11Dec2022.csv,nieuw,144228,144228,143211
348JourneyDataExtract12Dec2022-18Dec2022.csv,nieuw,97901,97901,97170
349JourneyDataExtract19Dec2022-25Dec2022.csv,nieuw,95407,95407,94610
350JourneyDataExtract26Dec2022-01Jan2023.csv,nieuw,58958,48901,48429
